,Unnamed: 0,Unnamed: 0.1,participant_id,vendor_id,vendor,tranx_event,note_text,occurrence_string,budget_id,budget,currency_id,currency,fin_acc_id,fin_acc,tranx_debit,tranx_credit,tranx_credit_old,balance
0,0,0,5ab055eae67be20014ca5284,Century Theatre,Century Theatre,movies-Bad Boy For Life,movies-Bad Boy For Life,3/1,5f3e189bd95d06627dc8e931,entertainment,5f381f30f815d062fb9da8f1,USD,5f3e16a8d95d06627dc8e928,cash,-$13.25,$0.00,,$386.75
1,1,1,5ab055eae67be20014ca5284,Real Food Company,Real Food Company,groceries: alkalizer & detoxifier supplement,groceries: alkalizer & detoxifier supplement,3/1,5f3e189bd95d06627dc8e932,food,5f381f30f815d062fb9da8f1,USD,5f3e16a8d95d06627dc8e928,cash,-$29.28,$0.00,,$470.72
2,2,2,5ab055eae67be20014ca5284,Cole Hardware Russian Hill,Cole Hardware Russian Hill,tire gauge 120 psi,tire gauge 120 psi,3/1,5f3e189bd95d06627dc8e937,tools,5f381f30f815d062fb9da8f1,USD,5f3e16a8d95d06627dc8e928,cash,-$7.20,$0.00,,"$4,992.80"
3,3,3,5ab055eae67be20014ca5284,Crab Shop Pier 39,Crab Shop Pier 39,fish & chips,fish & chips,3/1,5f3e189bd95d06627dc8e932,food,5f381f30f815d062fb9da8f1,USD,5f3e16a8d95d06627dc8e928,cash,-$13.30,$0.00,,$457.42
4,4,4,5ab055eae67be20014ca5284,Ritual,Ritual,Onigilly,Onigilly,3/3,5f3e189bd95d06627dc8e932,food,5f381f30f815d062fb9da8f1,USD,5f3e16a8d95d06627dc8e92a,credit_card,-$1.04,$0.00,,$456.38
5,5,5,5ab055eae67be20014ca5284,AWS,AWS,servers,servers,3/3,5f3e189bd95d06627dc8e937,tools,5f381f30f815d062fb9da8f1,USD,5f3e16a8d95d06627dc8e92a,credit_card,-$0.31,$0.00,,"$4,999.69"
6,6,6,5ab055eae67be20014ca5284,Ritual,Ritual,Fish & Farm,Fish & Farm,3/2,5f3e189bd95d06627dc8e932,food,5f381f30f815d062fb9da8f1,USD,5f3e16a8d95d06627dc8e92a,credit_card,-$4.18,$0.00,,$452.20
7,7,7,5ab055eae67be20014ca5284,OpenDoor,OpenDoor,Rent,Rent,3/2,5f3e189bd95d06627dc8e935,rent,5f381f30f815d062fb9da8f1,USD,5f3e16a8d95d06627dc8e92f,personal,"-$1,510.00",$0.00,,$0.00
8,8,8,5ab055eae67be20014ca5284,B8TA,B8TA,"sunglasses, notebook","sunglasses, notebook",3/1,5f3e189bd95d06627dc8e937,tools,5f381f30f815d062fb9da8f1,USD,5f3e16a8d95d06627dc8e92f,personal,-$69.44,$0.00,,"$4,930.25"
9,9,9,5ab055eae67be20014ca5284,Namecheap,Namecheap,"costlip.com, idnkhtw.space","costlip.com, idnkhtw.space",3/1,5f3e189bd95d06627dc8e937,tools,5f381f30f815d062fb9da8f1,USD,5f3e16a8d95d06627dc8e927,biz,-$23.22,$0.00,,"$4,907.03"
10,10,10,5ab055eae67be20014ca5284,PayPal,PayPal,PayPal Credit: Brompton,PayPal Credit: Brompton,3/2,5f3e189bd95d06627dc8e937,tools,5f381f30f815d062fb9da8f1,USD,5f3e16a8d95d06627dc8e927,biz,-$500.00,$0.00,,"$4,407.03"
11,11,11,5ab055eae67be20014ca5284,CostCo,CostCo,"soup, toothbrushes","soup, toothbrushes",3/3,5f3e189bd95d06627dc8e932,food,5f381f30f815d062fb9da8f1,USD,5f3e16a8d95d06627dc8e927,biz,-$24.95,$0.00,,$427.25
12,12,12,5ab055eae67be20014ca5284,Amazon Smiles,Amazon Smiles,backpack,backpack,3/3,5f3e189bd95d06627dc8e937,tools,5f381f30f815d062fb9da8f1,USD,5f3e16a8d95d06627dc8e927,biz,-$43.06,$0.00,,"$4,363.97"
13,13,13,5ab055eae67be20014ca5284,Amazon Smiles,Amazon Smiles,vitamins,vitamins,3/3,5f3e189bd95d06627dc8e936,selfcare,5f381f30f815d062fb9da8f1,USD,5f3e16a8d95d06627dc8e927,biz,-$5.06,$0.00,,$194.94
14,14,14,5ab055eae67be20014ca5284,Namecheap,Namecheap,"youngrichandiconic.com, prokickballer.com","youngrichandiconic.com, prokickballer.com",3/1,5f3e189bd95d06627dc8e937,tools,5f381f30f815d062fb9da8f1,USD,5f3e16a8d95d06627dc8e927,biz,-$26.32,$0.00,,"$4,337.65"
15,15,15,5ab055eae67be20014ca5284,Brendas French Soul Food,Brendas French Soul Food,"Benets, $1 tip","Benets, $1 tip",3/4,5f3e189bd95d06627dc8e932,food,5f381f30f815d062fb9da8f1,USD,5f3e16a8d95d06627dc8e928,cash,-$10.32,$0.00,,$416.93
16,16,16,5ab055eae67be20014ca5284,Spice Monkey Restaurant & Bar,Spice Monkey Restaurant & Bar,dinner at comedy show,dinner at comedy show,3/5,5f3e189bd95d06627dc8e932,food,5f381f30f815d062fb9da8f1,USD,5f3e16a8d95d06627dc8e92b,credit_card_mamma,-$33.00,$0.00,,$383.93
17,17,17,5ab055eae67be20014ca5284,Ritual,Ritual,Onigilly,Onigilly,3/5,5f3e189bd95d06627dc8e932,food,5f381f30f815d062fb9da8f1,USD,5f3e16a8d95d06627dc8e92a,credit_card,-$1.22,$0.00,,$382.71
18,18,18,5ab055eae67be20014ca5284,BART,BART,clipper_card,clipper_card,3/5,5f3e189bd95d06627dc8e938,transportation,5f381f30f815d062fb9da8f1,USD,5f3e16a8d95d06627dc8e928,cash,-$20.00,$0.00,,$80.00
19,19,19,5ab055eae67be20014ca5284,Ritual,Ritual,Hilal Guys,Hilal Guys,3/6,5f3e189bd95d06627dc8e932,food,5f381f30f815d062fb9da8f1,USD,5f3e16a8d95d06627dc8e92a,credit_card,-$4.75,$0.00,,$377.96
20,20,20,5ab055eae67be20014ca5284,T & L Laundry Cafe,T & L Laundry Cafe,laundry,laundry,3/7,5f3e189bd95d06627dc8e933,maintenance,5f381f30f815d062fb9da8f1,USD,5f3e16a8d95d06627dc8e928,cash,-$11.00,$0.00,,$183.94
21,21,21,5ab055eae67be20014ca5284,CostCo,CostCo,Groceries ,Groceries ,3/7,5f3e189bd95d06627dc8e932,food ,5f381f30f815d062fb9da8f1,USD,5f3e16a8d95d06627dc8e92b,credit_card_mamma,-$41.75,$0.00,,$336.21
22,22,22,5ab055eae67be20014ca5284,CostCo,CostCo,"Nintendo switch, gloves, jeans ","Nintendo switch, gloves, jeans ",3/7,5f3e189bd95d06627dc8e937,tools ,5f381f30f815d062fb9da8f1,USD,5f3e16a8d95d06627dc8e92b,credit_card_mamma,-$419.84,$0.00,,"$3,917.81"
23,23,23,5ab055eae67be20014ca5284,Lowaunz,Lowaunz,Camera & lens,Camera & lens,3/7,5f3e189bd95d06627dc8e937,tools ,5f381f30f815d062fb9da8f1,USD,5f3e16a8d95d06627dc8e92d,PayPal ,-$700.00,$0.00,,"$3,217.81"
24,24,24,5ab055eae67be20014ca5284,Reds,Reds,burger & fries,burger & fries,3/7,5f3e189bd95d06627dc8e932,food,5f381f30f815d062fb9da8f1,USD,5f3e16a8d95d06627dc8e928,cash,-$10.09,$0.00,,$326.12
25,25,25,5ab055eae67be20014ca5284,Target,Target,RETURNED. blender bottle,RETURNED. blender bottle,3/7,5f3e189bd95d06627dc8e937,tools,5f381f30f815d062fb9da8f1,USD,5f3e16a8d95d06627dc8e927,biz,-$11.82,$11.82,$11.82,"$3,217.81"
26,26,26,5ab055eae67be20014ca5284,Amazon Smiles,Amazon Smiles,thunderbolt to hdmi adapter,thunderbolt to hdmi adapter,3/7,5f3e189bd95d06627dc8e937,tools,5f381f30f815d062fb9da8f1,USD,5f3e16a8d95d06627dc8e927,biz,-$10.84,$0.00,,"$3,206.97"
27,27,27,5ab055eae67be20014ca5284,Lyft,Lyft,ride home from CostCo with too much stuff in the rain,ride home from CostCo with too much stuff in the rain,3/7,5f3e189bd95d06627dc8e938,transportation,5f381f30f815d062fb9da8f1,USD,5f3e16a8d95d06627dc8e927,,-$7.27,$0.00,,$72.73
28,28,28,5ab055eae67be20014ca5284,Amazon Smiles,Amazon Smiles,The Legend of Zelda: Breath of the Wild - Nintendo Switch,The Legend of Zelda: Breath of the Wild - Nintendo Switch,3/7,5f3e189bd95d06627dc8e931,entertainment,5f381f30f815d062fb9da8f1,USD,5f3e16a8d95d06627dc8e927,biz,-$53.70,$0.00,,$333.05
29,29,29,5ab055eae67be20014ca5284,Best Buy,Best Buy,NBA 2k20 Nintendo switch,NBA 2k20 Nintendo switch,3/8,5f3e189bd95d06627dc8e931,entertainment,5f381f30f815d062fb9da8f1,USD,5f3e16a8d95d06627dc8e92d,paypal,-$36.53,$0.00,,$296.52
30,30,30,5ab055eae67be20014ca5284,Ritual,Ritual,Blue Light: burger & fries,Blue Light: burger & fries,3/8,5f3e189bd95d06627dc8e932,food,5f381f30f815d062fb9da8f1,USD,5f3e16a8d95d06627dc8e92a,credit_card,-$9.77,$0.00,,$316.35
31,31,31,5ab055eae67be20014ca5284,Hot Cookie,Hot Cookie,3 cookies,3 cookies,3/8,5f3e189bd95d06627dc8e932,food,5f381f30f815d062fb9da8f1,USD,5f3e16a8d95d06627dc8e928,cash,-$5.40,$0.00,,$310.95
32,32,32,5ab055eae67be20014ca5284,Fermentation Lab,Fermentation Lab,dinner w Christina,dinner w Christina,3/11,5f3e189bd95d06627dc8e932,food,5f381f30f815d062fb9da8f1,USD,5f3e16a8d95d06627dc8e928,cash,-$44.00,$0.00,,$266.95
33,33,33,5ab055eae67be20014ca5284,Ritual,Ritual,Le Petitt's Kitchen,Le Petitt's Kitchen,3/11,5f3e189bd95d06627dc8e932,food,5f381f30f815d062fb9da8f1,USD,5f3e16a8d95d06627dc8e92a,credit_card,-$1.27,$0.00,,$265.68
34,34,34,5ab055eae67be20014ca5284,Ritual,Ritual,Le Petitt's Kitchen,Le Petitt's Kitchen,3/11,5f3e189bd95d06627dc8e932,food,5f381f30f815d062fb9da8f1,USD,5f3e16a8d95d06627dc8e92a,credit_card,-$0.50,$0.00,,$265.18
35,35,35,5ab055eae67be20014ca5284,Ritual,Ritual,Le Petitt's Kitchen,Le Petitt's Kitchen,3/11,5f3e189bd95d06627dc8e932,food,5f381f30f815d062fb9da8f1,USD,5f3e16a8d95d06627dc8e92a,credit_card,-$4.18,$0.00,,$261.00
36,36,36,5ab055eae67be20014ca5284,CVS,CVS,medicine,medicine,3/13,5f3e189bd95d06627dc8e936,selfcare,5f381f30f815d062fb9da8f1,USD,5f3e16a8d95d06627dc8e92f,personal,-$18.75,$0.00,,$176.19
37,37,37,5ab055eae67be20014ca5284,Brendas French Soul Food,Brendas French Soul Food,dinner,dinner,3/13,5f3e189bd95d06627dc8e932,food,5f381f30f815d062fb9da8f1,USD,5f3e16a8d95d06627dc8e92f,personal,-$61.00,$0.00,,$200.00
38,38,38,5ab055eae67be20014ca5284,Best Buy,Best Buy,RETURNED. cords & cables,RETURNED. cords & cables,3/13,5f3e189bd95d06627dc8e937,tools,5f381f30f815d062fb9da8f1,USD,5f3e16a8d95d06627dc8e92f,personal,-$37.95,$37.95,$37.95,"$3,206.97"
39,39,39,5ab055eae67be20014ca5284,La Playa Taqueria,La Playa Taqueria,dinner,dinner,3/12,5f3e189bd95d06627dc8e932,food,5f381f30f815d062fb9da8f1,USD,5f3e16a8d95d06627dc8e928,cash,-$16.53,$0.00,,$183.47
40,40,40,5ab055eae67be20014ca5284,CostCo,CostCo,supplements,supplements,3/13,5f3e189bd95d06627dc8e932,food,5f381f30f815d062fb9da8f1,USD,5f3e16a8d95d06627dc8e92f,personal,-$85.68,$0.00,,$97.79
41,41,41,5ab055eae67be20014ca5284,Ritual,Ritual,Soluna Cafe & Lounge,Soluna Cafe & Lounge,3/13,5f3e189bd95d06627dc8e932,food,5f381f30f815d062fb9da8f1,USD,5f3e16a8d95d06627dc8e927,biz,-$0.50,$0.00,,$97.29
42,42,42,5ab055eae67be20014ca5284,Ritual,Ritual,Le Petitt's Kitchen,Le Petitt's Kitchen,3/13,5f3e189bd95d06627dc8e932,food,5f381f30f815d062fb9da8f1,USD,5f3e16a8d95d06627dc8e927,biz,-$16.76,$0.00,,$80.53
43,43,43,5ab055eae67be20014ca5284,Amazon Smiles,Amazon Smiles,cable mini hdmi to hdmi,cable mini hdmi to hdmi,3/13,5f3e189bd95d06627dc8e937,tools,5f381f30f815d062fb9da8f1,USD,5f3e16a8d95d06627dc8e92a,credit_card,-$7.20,$0.00,,"$3,199.77"
44,44,44,5ab055eae67be20014ca5284,Amazon Smiles,Amazon Smiles,25 ft hdmi cable,25 ft hdmi cable,3/12,5f3e189bd95d06627dc8e937,tools,5f381f30f815d062fb9da8f1,USD,5f3e16a8d95d06627dc8e92a,credit_card,-$16.26,$0.00,,"$3,183.51"
45,45,45,5ab055eae67be20014ca5284,Target,Target,groceries,groceries,3/14,5f3e189bd95d06627dc8e932,food,5f381f30f815d062fb9da8f1,USD,5f3e16a8d95d06627dc8e92f,personal,-$12.37,$0.00,,$68.16
46,46,46,5ab055eae67be20014ca5284,In-N-Out,In-N-Out,burger & fries,burger & fries,3/14,5f3e189bd95d06627dc8e932,food,5f381f30f815d062fb9da8f1,USD,5f3e16a8d95d06627dc8e928,cash,-$5.27,$0.00,,$62.89
47,47,47,5ab055eae67be20014ca5284,CostCo,CostCo,microsd card,microsd card,3/12,5f3e189bd95d06627dc8e937,tools,5f381f30f815d062fb9da8f1,USD,5f3e16a8d95d06627dc8e92a,credit_card,-$48.81,$0.00,,"$3,134.70"
48,48,48,5ab055eae67be20014ca5284,Western Union,Western Union,Thomas,Thomas,3/17,5f3e189bd95d06627dc8e936,selfcare,5f381f30f815d062fb9da8f1,USD,5f3e16a8d95d06627dc8e928,cash,-$309.95,$0.00,,-$133.76
49,49,49,5ab055eae67be20014ca5284,Square Pie Guys,Square Pie Guys,pizza,pizza,3/17,5f3e189bd95d06627dc8e932,food,5f381f30f815d062fb9da8f1,USD,5f3e16a8d95d06627dc8e92f,personal,-$23.71,$0.00,,$39.18
50,50,50,5ab055eae67be20014ca5284,Lyft,Lyft,ride to beach,ride to beach,3/12,5f3e189bd95d06627dc8e938,transportation,5f381f30f815d062fb9da8f1,USD,5f3e16a8d95d06627dc8e92f,personal,-$13.78,$0.00,,$58.95
51,51,51,5ab055eae67be20014ca5284,Lyft,Lyft,beach to home,beach to home,3/12,5f3e189bd95d06627dc8e938,transportation,5f381f30f815d062fb9da8f1,USD,5f3e16a8d95d06627dc8e92f,personal,-$14.96,$0.00,,$43.99
52,52,52,5ab055eae67be20014ca5284,Lyft,Lyft,ride to fedex to get atem mini,ride to fedex to get atem mini,3/13,5f3e189bd95d06627dc8e938,transportation,5f381f30f815d062fb9da8f1,USD,5f3e16a8d95d06627dc8e92f,personal,-$10.80,$0.00,,$33.19
53,53,53,5ab055eae67be20014ca5284,Lyft,Lyft,ride to car rental,ride to car rental,3/14,5f3e189bd95d06627dc8e938,transportation,5f381f30f815d062fb9da8f1,USD,5f3e16a8d95d06627dc8e92f,personal,-$8.60,$0.00,,$24.59
54,54,54,5ab055eae67be20014ca5284,Ritual,Ritual,drink,drink,3/18,5f3e189bd95d06627dc8e932,food,5f381f30f815d062fb9da8f1,USD,5f3e16a8d95d06627dc8e927,biz,-$0.57,$0.00,,$38.61
55,55,55,5ab055eae67be20014ca5284,Hot Cookie,Hot Cookie,lotta cookies,lotta cookies,3/19,5f3e189bd95d06627dc8e932,food,5f381f30f815d062fb9da8f1,USD,5f3e16a8d95d06627dc8e928,cash,-$7.00,$0.00,,$31.61
56,56,56,5ab055eae67be20014ca5284,Market Street Cycles,Market Street Cycles,floor pump,floor pump,3/20,5f3e189bd95d06627dc8e937,tools,5f381f30f815d062fb9da8f1,USD,5f3e16a8d95d06627dc8e92f,personal,-$43.35,$0.00,,"$3,091.35"
57,57,57,5ab055eae67be20014ca5284,T & L Laundry Cafe,T & L Laundry Cafe,"Washing, no bedding, large washers too big ","Washing, no bedding, large washers too big ",3/20,5f3e189bd95d06627dc8e933,maintenance,5f381f30f815d062fb9da8f1,USD,5f3e16a8d95d06627dc8e928,cash,-$8.25,$0.00,,-$142.01
58,58,58,5ab055eae67be20014ca5284,T & L Laundry Cafe,T & L Laundry Cafe,"Washing, no bedding, large washers too big ","Washing, no bedding, large washers too big ",3/20,5f3e189bd95d06627dc8e933,maintenance,5f381f30f815d062fb9da8f1,USD,5f3e16a8d95d06627dc8e928,cash,-$1.75,$0.00,,-$143.76
59,59,59,5ab055eae67be20014ca5284,firstbankcard,firstbankcard,"overpaid mamma's cc, total payment was $500","overpaid mamma's cc, total payment was $500",3/21,5f3e189bd95d06627dc8e936,selfcare,5f381f30f815d062fb9da8f1,USD,5f3e16a8d95d06627dc8e92f,personal,-$5.41,$0.00,,-$149.17
60,60,60,5ab055eae67be20014ca5284,Walgreens,Walgreens,"first aid kit, make up remover wipes","first aid kit, make up remover wipes",3/21,5f3e189bd95d06627dc8e936,selfcare,5f381f30f815d062fb9da8f1,USD,5f3e16a8d95d06627dc8e928,cash,-$5.73,$0.00,,-$154.90
61,61,61,5ab055eae67be20014ca5284,Ritual,Ritual,Patxi's,Patxi's,3/21,5f3e189bd95d06627dc8e932,food,5f381f30f815d062fb9da8f1,USD,5f3e16a8d95d06627dc8e92a,credit_card,-$8.69,$0.00,,$22.92
62,62,62,5ab055eae67be20014ca5284,SF Civic Center Farmers Market,SF Civic Center Farmers Market,"dates, black farmers","dates, black farmers",3/22,5f3e189bd95d06627dc8e932,food,5f381f30f815d062fb9da8f1,USD,5f3e16a8d95d06627dc8e928,cash,-$7.00,$0.00,,$15.92
63,63,63,5ab055eae67be20014ca5284,CostCo,CostCo,groceries,groceries,3/22,5f3e189bd95d06627dc8e932,food,5f381f30f815d062fb9da8f1,USD,5f3e16a8d95d06627dc8e92f,personal,-$95.30,$0.00,,-$79.38
64,64,64,5ab055eae67be20014ca5284,CostCo,CostCo,tools,tools,3/22,5f3e189bd95d06627dc8e937,tools,5f381f30f815d062fb9da8f1,USD,5f3e16a8d95d06627dc8e92f,personal,-$16.26,$0.00,,"$3,075.09"
65,65,65,5ab055eae67be20014ca5284,CostCo,CostCo,selfcare tools,selfcare tools,3/22,5f3e189bd95d06627dc8e936,selfcare,5f381f30f815d062fb9da8f1,USD,5f3e16a8d95d06627dc8e92f,personal,-$36.33,$0.00,,-$191.23
66,66,66,5ab055eae67be20014ca5284,Piccadilly Fish & Chips,Piccadilly Fish & Chips,"fish & chips, gifted to local","fish & chips, gifted to local",3/22,5f3e189bd95d06627dc8e936,selfcare,5f381f30f815d062fb9da8f1,USD,5f3e16a8d95d06627dc8e928,cash,-$14.00,$0.00,,-$205.23
67,67,67,5ab055eae67be20014ca5284,Split,Split,ok buffalo chicken sandwich & fries,ok buffalo chicken sandwich & fries,3/22,5f3e189bd95d06627dc8e932,food,5f381f30f815d062fb9da8f1,USD,5f3e16a8d95d06627dc8e928,cash,-$19.48,$0.00,,-$98.86
68,68,68,5ab055eae67be20014ca5284,Woods Polk Station,Woods Polk Station,local brewery 4 pack beer,local brewery 4 pack beer,3/22,5f3e189bd95d06627dc8e931,entertainment,5f381f30f815d062fb9da8f1,USD,5f3e16a8d95d06627dc8e92f,personal,-$12.14,$0.00,,$284.38
69,69,69,5ab055eae67be20014ca5284,CostCo,CostCo,groceries for lockdown,groceries for lockdown,3/23,5f3e189bd95d06627dc8e932,food,5f381f30f815d062fb9da8f1,USD,5f3e16a8d95d06627dc8e92f,personal,-$99.37,$0.00,,-$198.23
70,70,70,5ab055eae67be20014ca5284,CostCo,CostCo,groceries for lockdown,groceries for lockdown,3/23,5f3e189bd95d06627dc8e932,food,5f381f30f815d062fb9da8f1,USD,5f3e16a8d95d06627dc8e92f,personal,-$36.99,$0.00,,-$235.22
71,71,71,5ab055eae67be20014ca5284,Barbary Coast,Barbary Coast,medicine,medicine,3/23,5f3e189bd95d06627dc8e931,entertainment,5f381f30f815d062fb9da8f1,USD,5f3e16a8d95d06627dc8e928,cash,-$100.00,$0.00,,$184.38
72,72,72,5ab055eae67be20014ca5284,Golden Farmers,Golden Farmers,"groceries, salsa, potatoes","groceries, salsa, potatoes",3/23,5f3e189bd95d06627dc8e932,food,5f381f30f815d062fb9da8f1,USD,5f3e16a8d95d06627dc8e92f,personal,-$14.57,$0.00,,-$249.79
73,73,73,5ab055eae67be20014ca5284,Dicks Sporting Good,Dicks Sporting Good,"weight vest, taser","weight vest, taser",3/24,5f3e189bd95d06627dc8e937,tools,5f381f30f815d062fb9da8f1,USD,5f3e16a8d95d06627dc8e92d,paypal,-$103.05,$0.00,,"$2,972.04"
74,74,74,5ab055eae67be20014ca5284,Target,Target,"chips, hot sauce","chips, hot sauce",3/24,5f3e189bd95d06627dc8e932,food,5f381f30f815d062fb9da8f1,USD,5f3e16a8d95d06627dc8e928,cash,-$5.67,$0.00,,-$255.46
75,75,75,5ab055eae67be20014ca5284,T & L Laundry Cafe,T & L Laundry Cafe,Washing,Washing,3/27,5f3e189bd95d06627dc8e933,maintenance,5f381f30f815d062fb9da8f1,USD,5f3e16a8d95d06627dc8e928,cash,-$8.75,$0.00,,-$152.51
76,76,76,5ab055eae67be20014ca5284,T & L Laundry Cafe,T & L Laundry Cafe,Dryer ,Dryer ,3/27,5f3e189bd95d06627dc8e933,maintenance,5f381f30f815d062fb9da8f1,USD,5f3e16a8d95d06627dc8e928,cash,-$2.25,$0.00,,-$154.76
77,77,77,5ab055eae67be20014ca5284,Hot Cookie,Hot Cookie,cookies,cookies,3/27,5f3e189bd95d06627dc8e932,food,5f381f30f815d062fb9da8f1,USD,5f3e16a8d95d06627dc8e928,cash,-$2.00,$0.00,,-$257.46
78,78,78,5ab055eae67be20014ca5284,Visible,Visible,phone bill,phone bill,3/29,5f3e189bd95d06627dc8e934,phone,5f381f30f815d062fb9da8f1,USD,5f3e16a8d95d06627dc8e927,biz,-$40.00,$0.00,,$0.00
79,79,79,5ab055eae67be20014ca5284,Ritual,Ritual,Fresco Pizza,Fresco Pizza,3/22,5f3e189bd95d06627dc8e932,food,5f381f30f815d062fb9da8f1,USD,5f3e16a8d95d06627dc8e92a,credit_card,-$1.26,$0.00,,-$258.72
80,80,80,5ab055eae67be20014ca5284,Ritual,Ritual,Quetzal,Quetzal,3/23,5f3e189bd95d06627dc8e932,food,5f381f30f815d062fb9da8f1,USD,5f3e16a8d95d06627dc8e92a,credit_card,-$1.82,$0.00,,-$260.54
81,81,81,5ab055eae67be20014ca5284,Ritual,Ritual,Quetzal,Quetzal,3/24,5f3e189bd95d06627dc8e932,food,5f381f30f815d062fb9da8f1,USD,5f3e16a8d95d06627dc8e92a,credit_card,-$0.50,$0.00,,-$261.04
82,82,82,5ab055eae67be20014ca5284,Ritual,Ritual,Organic Coop,Organic Coop,3/25,5f3e189bd95d06627dc8e932,food,5f381f30f815d062fb9da8f1,USD,5f3e16a8d95d06627dc8e92a,credit_card,-$2.32,$0.00,,-$263.36
83,83,83,5ab055eae67be20014ca5284,Ritual,Ritual,Organic Coop,Organic Coop,3/26,5f3e189bd95d06627dc8e932,food,5f381f30f815d062fb9da8f1,USD,5f3e16a8d95d06627dc8e92a,credit_card,-$2.35,$0.00,,-$265.71
84,84,84,5ab055eae67be20014ca5284,U-Haul,U-Haul,Moving boxes,Moving boxes,3/31,5f3e189bd95d06627dc8e937,tools ,5f381f30f815d062fb9da8f1,USD,5f3e16a8d95d06627dc8e92f,personal ,-$5.40,$0.00,,"$2,966.64"
85,85,85,5ab055eae67be20014ca5284,Ritual,Ritual,Melt,Melt,3/30,5f3e189bd95d06627dc8e932,food ,5f381f30f815d062fb9da8f1,USD,5f3e16a8d95d06627dc8e92a,credit_card,-$1.03,$0.00,,-$266.74
86,86,86,5ab055eae67be20014ca5284,CostCo,CostCo,cooler,cooler,3/31,5f3e189bd95d06627dc8e937,tools,5f381f30f815d062fb9da8f1,USD,5f3e16a8d95d06627dc8e92f,personal,-43.39,$0.00,,2923.24585
87,87,87,5ab055eae67be20014ca5284,Target,Target,duct tape,duct tape,3/31,5f3e189bd95d06627dc8e937,tools,5f381f30f815d062fb9da8f1,USD,5f3e16a8d95d06627dc8e92f,personal,-$4.28,$0.00,,"$2,918.97"
88,88,88,5ab055eae67be20014ca5284,CostCo,CostCo,food returns,food returns,3/31,5f3e189bd95d06627dc8e932,food,5f381f30f815d062fb9da8f1,USD,5f3e16a8d95d06627dc8e92f,personal,$0.00,$58.41,$58.41,-$208.33
89,89,89,5ab055eae67be20014ca5284,CostCo,CostCo,return Bullet Whiskey and Chocolate Caramel candy,return Bullet Whiskey and Chocolate Caramel candy,4/2,5f3e189bd95d06627dc8e932,food,5f381f30f815d062fb9da8f1,USD,5f3e16a8d95d06627dc8e928,cash,$0.00,$46.47,$46.47,-$161.86
90,90,90,5ab055eae67be20014ca5284,Frys,Frys,Chips ,Chips ,4/10,5f3e189bd95d06627dc8e932,food ,5f381f30f815d062fb9da8f1,USD,5f3e16a8d95d06627dc8e928,cash ,-$1.62,$0.00,,
91,91,91,5ab055eae67be20014ca5284,Best Buy,Best Buy,RETURNED. 50 mm lens,RETURNED. 50 mm lens,3/26,5f3e189bd95d06627dc8e937,tools,5f381f30f815d062fb9da8f1,USD,5f3e16a8d95d06627dc8e92d,paypal,-$216.99,$186.99,$186.99,"$2,888.97"
92,92,92,5ab055eae67be20014ca5284,Adorama,Adorama,RETURNED. used 50 mm lens,RETURNED. used 50 mm lens,3/27,5f3e189bd95d06627dc8e937,tools,5f381f30f815d062fb9da8f1,USD,5f3e16a8d95d06627dc8e92d,paypal,-$147.29,$147.29,$147.29,"$2,888.97"
93,0,0,5ab055eae67be20014ca5284,Petro #390,Petro #390,"gas, trip from SF to Phx","gas, trip from SF to Phx",4/1,5f3e189bd95d06627dc8e939,travel,5f381f30f815d062fb9da8f1,USD,5f3e16a8d95d06627dc8e92b,credit_card_mamma,-$36.80,$0.00,,$463.20
94,1,1,5ab055eae67be20014ca5284,Firehouse Subs,Firehouse Subs,"sandwich, on road trip","sandwich, on road trip",4/1,5f3e189bd95d06627dc8e939,travel,5f381f30f815d062fb9da8f1,USD,5f3e16a8d95d06627dc8e928,cash,-$9.65,$0.00,,$453.55
95,2,2,5ab055eae67be20014ca5284,In-N-Out,In-N-Out,"dinner, snack","dinner, snack",4/1,5f3e189bd95d06627dc8e939,travel,5f381f30f815d062fb9da8f1,USD,5f3e16a8d95d06627dc8e928,cash,-$4.81,$0.00,,$448.74
96,3,3,5ab055eae67be20014ca5284,Carl's Jr 1100769,Carl's Jr 1100769,"dinner, roadtrip","dinner, roadtrip",4/1,5f3e189bd95d06627dc8e939,travel,5f381f30f815d062fb9da8f1,USD,5f3e16a8d95d06627dc8e928,cash,-$6.99,$0.00,,$441.75
97,4,4,5ab055eae67be20014ca5284,"VP Racing of Blythe, 301","VP Racing of Blythe, 301","gas, trip from SF to Phx","gas, trip from SF to Phx",4/1,5f3e189bd95d06627dc8e939,travel,5f381f30f815d062fb9da8f1,USD,5f3e16a8d95d06627dc8e928,cash,-$20.00,$0.00,,$421.75
98,5,5,5ab055eae67be20014ca5284,Budget Rental Car,Budget Rental Car,rent car for road trip,rent car for road trip,4/1,5f3e189bd95d06627dc8e939,travel,5f381f30f815d062fb9da8f1,USD,5f3e16a8d95d06627dc8e92b,credit_card_mamma,-$92.00,$0.00,,$329.75
99,6,6,5ab055eae67be20014ca5284,CostCo,CostCo,supplements,supplements,4/7,5f3e189bd95d06627dc8e932,food,5f381f30f815d062fb9da8f1,USD,5f3e16a8d95d06627dc8e92f,personal,-$80.38,$0.00,,$419.62
100,7,7,5ab055eae67be20014ca5284,CostCo,CostCo,groceries for Christina & I,groceries for Christina & I,4/7,5f3e189bd95d06627dc8e932,food,5f381f30f815d062fb9da8f1,USD,5f3e16a8d95d06627dc8e92f,personal,-$55.18,$27.59,$27.59,$392.03
101,8,8,5ab055eae67be20014ca5284,DoorDash,DoorDash,The Porch-Dinner,The Porch-Dinner,4/5,5f3e189bd95d06627dc8e932,food,5f381f30f815d062fb9da8f1,USD,5f3e16a8d95d06627dc8e92f,personal,-$54.24,$27.12,$27.12,$364.91
102,9,9,5ab055eae67be20014ca5284,Frys,Frys,batteries & food,batteries & food,4/9,5f3e189bd95d06627dc8e932,food,5f381f30f815d062fb9da8f1,USD,5f3e16a8d95d06627dc8e92f,personal,-$34.27,$17.14,$17.14,$347.78
103,10,10,5ab055eae67be20014ca5284,Frys,Frys,snacks,snacks,4/11,5f3e189bd95d06627dc8e932,food,5f381f30f815d062fb9da8f1,USD,5f3e16a8d95d06627dc8e92f,personal,-$8.62,$0.00,,$339.16
104,11,11,5ab055eae67be20014ca5284,Frys,Frys,Chips ,Chips ,4/10,5f3e189bd95d06627dc8e932,food ,5f381f30f815d062fb9da8f1,USD,5f3e16a8d95d06627dc8e928,cash ,-$1.62,$0.00,,$337.54
105,12,12,5ab055eae67be20014ca5284,CostCo,CostCo,groceries for Christina & I,groceries for Christina & I,4/21,5f3e189bd95d06627dc8e932,food,5f381f30f815d062fb9da8f1,USD,5f3e16a8d95d06627dc8e92f,personal,-$74.89,$37.44,$37.44,$300.09
106,13,13,5ab055eae67be20014ca5284,CostCo,CostCo,protein,protein,4/21,5f3e189bd95d06627dc8e932,food,5f381f30f815d062fb9da8f1,USD,5f3e16a8d95d06627dc8e92f,personal,-$16.14,$0.00,,283.953125
107,14,14,5ab055eae67be20014ca5284,DoorDash,DoorDash,Native Grill & Wings,Native Grill & Wings,4/17,5f3e189bd95d06627dc8e932,food,5f381f30f815d062fb9da8f1,USD,5f3e16a8d95d06627dc8e92f,personal,-$44.43,$22.22,$22.22,$261.74
108,15,15,5ab055eae67be20014ca5284,Tidal,Tidal,music,music,4/14,5f3e189bd95d06627dc8e931,entertainment,5f381f30f815d062fb9da8f1,USD,5f3e16a8d95d06627dc8e92f,personal,-$9.99,$0.00,,390.01
109,16,16,5ab055eae67be20014ca5284,Chompies,Chompies,breakfast for Christina and I,breakfast for Christina and I,4/19,5f3e189bd95d06627dc8e932,food,5f381f30f815d062fb9da8f1,USD,5f3e16a8d95d06627dc8e92f,personal,-$15.30,$7.65,$7.65,254.088125
110,17,17,5ab055eae67be20014ca5284,Amazon Smiles,Amazon Smiles,"book, ""People Powered: How Communities Can Supercharge Your Business, Brand, and Teams"" building communities","book, ""People Powered: How Communities Can Supercharge Your Business, Brand, and Teams"" building communities",4/7,5f3e189bd95d06627dc8e937,tools,5f381f30f815d062fb9da8f1,USD,5f3e16a8d95d06627dc8e92a,credit_card,-$18.18,$18.18,$18.18,"$2,881.77"
111,18,18,5ab055eae67be20014ca5284,Audible,Audible,membership,membership,4/8,5f3e189bd95d06627dc8e937,tools,5f381f30f815d062fb9da8f1,USD,5f3e16a8d95d06627dc8e92a,credit_card,-$16.00,$0.00,,"$2,865.77"
112,19,19,5ab055eae67be20014ca5284,MeetEdgar,MeetEdgar,membership,membership,4/12,5f3e189bd95d06627dc8e937,tools,5f381f30f815d062fb9da8f1,USD,5f3e16a8d95d06627dc8e92a,credit_card,-$49.00,$0.00,,"$2,816.77"
113,20,20,5ab055eae67be20014ca5284,Kindle,Kindle,"book, ""The African Trilogy: Things Fall Apart; Arrow of God; No Longer at Ease (Penguin Classics Deluxe Edition)""","book, ""The African Trilogy: Things Fall Apart; Arrow of God; No Longer at Ease (Penguin Classics Deluxe Edition)""",4/12,5f3e189bd95d06627dc8e937,tools,5f381f30f815d062fb9da8f1,USD,5f3e16a8d95d06627dc8e92a,credit_card,-$13.90,$0.00,,"$2,802.87"
114,21,21,5ab055eae67be20014ca5284,Kindle,Kindle,"book, ""From Superman to Man""","book, ""From Superman to Man""",4/16,5f3e189bd95d06627dc8e937,tools,5f381f30f815d062fb9da8f1,USD,5f3e16a8d95d06627dc8e92a,credit_card,-$1.06,$0.00,,"$2,801.81"
115,22,22,5ab055eae67be20014ca5284,Amazon Smiles,Amazon Smiles,prime membership,prime membership,4/16,5f3e189bd95d06627dc8e937,tools,5f381f30f815d062fb9da8f1,USD,5f3e16a8d95d06627dc8e92a,credit_card,-$6.49,$0.00,,"$2,795.32"
116,23,23,5ab055eae67be20014ca5284,Amazon Smiles,Amazon Smiles,camera and lens covers,camera and lens covers,4/12,5f3e189bd95d06627dc8e937,tools,5f381f30f815d062fb9da8f1,USD,5f3e16a8d95d06627dc8e92a,credit_card,-$14.15,$0.00,,"$2,781.17"
117,24,24,5ab055eae67be20014ca5284,Amazon Smiles,Amazon Smiles,RFID card protectors,RFID card protectors,4/12,5f3e189bd95d06627dc8e937,tools,5f381f30f815d062fb9da8f1,USD,5f3e16a8d95d06627dc8e92a,credit_card,-$10.77,$0.00,,"$2,770.40"
118,25,25,5ab055eae67be20014ca5284,Patreon,Patreon,js tutor,js tutor,4/1,5f3e189bd95d06627dc8e937,tools,5f381f30f815d062fb9da8f1,USD,5f3e16a8d95d06627dc8e92d,paypal,-$1.00,$0.00,,"$2,769.40"
119,26,26,5ab055eae67be20014ca5284,DoorDash,DoorDash,San Tan Brewery,San Tan Brewery,4/24,5f3e189bd95d06627dc8e932,food,5f381f30f815d062fb9da8f1,USD,5f3e16a8d95d06627dc8e92f,personal,-$37.88,$0.00,,$216.21
120,27,27,5ab055eae67be20014ca5284,Chompies,Chompies,breakfast for Christina and I,breakfast for Christina and I,4/25,5f3e189bd95d06627dc8e932,food,5f381f30f815d062fb9da8f1,USD,5f3e16a8d95d06627dc8e928,cash,-$15.97,$7.99,$7.99,$208.22
121,28,28,5ab055eae67be20014ca5284,Namecheap,Namecheap,"domain renewal: mygorgeousman.com,awesomewebstore.com","domain renewal: mygorgeousman.com,awesomewebstore.com",4/25,5f3e189bd95d06627dc8e937,tools,5f381f30f815d062fb9da8f1,USD,5f3e16a8d95d06627dc8e927,biz,-$26.32,$0.00,,"$2,743.08"
122,29,29,5ab055eae67be20014ca5284,Visible,Visible,phone,phone,4/25,5f3e189bd95d06627dc8e934,phone,5f381f30f815d062fb9da8f1,USD,5f3e16a8d95d06627dc8e927,biz,-$40.00,$0.00,,$0.00
123,30,30,5ab055eae67be20014ca5284,Namecheap,Namecheap,domain renewal: 11thrp.com,domain renewal: 11thrp.com,4/26,5f3e189bd95d06627dc8e937,tools,5f381f30f815d062fb9da8f1,USD,5f3e16a8d95d06627dc8e927,biz,-$13.16,$0.00,,"$2,729.92"
124,31,31,5ab055eae67be20014ca5284,Frys,Frys,groceries for Christina & I,groceries for Christina & I,4/26,5f3e189bd95d06627dc8e932,food,5f381f30f815d062fb9da8f1,USD,5f3e16a8d95d06627dc8e92f,personal,-$12.39,$6.20,$6.20,$202.03
125,32,32,5ab055eae67be20014ca5284,Frys,Frys,Chips ,Chips ,4/10,5f3e189bd95d06627dc8e932,food ,5f381f30f815d062fb9da8f1,USD,5f3e16a8d95d06627dc8e928,cash ,-$1.62,$0.00,,$200.41
126,33,33,5ab055eae67be20014ca5284,Frys,Frys,white vinegar,white vinegar,4/27,5f3e189bd95d06627dc8e932,food,5f381f30f815d062fb9da8f1,USD,5f3e16a8d95d06627dc8e92f,personal,-$2.03,$1.02,$1.02,$199.39
127,34,34,5ab055eae67be20014ca5284,Libro .fm,Libro .fm,"book, ""It's About Damn Time."" audiobook","book, ""It's About Damn Time."" audiobook",4/27,5f3e189bd95d06627dc8e937,tools,5f381f30f815d062fb9da8f1,USD,5f3e16a8d95d06627dc8e927,biz,-$24.50,$0.00,,"$2,705.42"
128,35,35,5ab055eae67be20014ca5284,Bookshop .org,Bookshop .org,"book, ""It's About Damn Time."" hardcover for mamma","book, ""It's About Damn Time."" hardcover for mamma",4/27,5f3e189bd95d06627dc8e931,entertainment,5f381f30f815d062fb9da8f1,USD,5f3e16a8d95d06627dc8e927,biz,-$27.80,$0.00,,$362.21
129,36,36,5ab055eae67be20014ca5284,ArlanWasHere,ArlanWasHere,"teachable class ""How to Raise Capital for Your Company from Scratch""","teachable class ""How to Raise Capital for Your Company from Scratch""",4/27,5f3e189bd95d06627dc8e937,tools,5f381f30f815d062fb9da8f1,USD,5f3e16a8d95d06627dc8e927,biz,-$60.00,$0.00,,"$2,645.42"
130,37,37,5ab055eae67be20014ca5284,Chompies,Chompies,Lunch for Christina & I ,Lunch for Christina & I ,4/28,5f3e189bd95d06627dc8e932,food ,5f381f30f815d062fb9da8f1,USD,5f3e16a8d95d06627dc8e92f,Personal ,-$34.16,$17.08,$17.08,$182.31
131,38,38,5ab055eae67be20014ca5284,Amazon Smiles,Amazon Smiles,RETURNED. mhl hdmi connector,RETURNED. mhl hdmi connector,4/30,5f3e189bd95d06627dc8e937,tools,5f381f30f815d062fb9da8f1,USD,5f3e16a8d95d06627dc8e927,biz,-$15.08,$15.08,$15.08,"$2,645.42"
132,39,39,5ab055eae67be20014ca5284,Vilros LLC,Vilros LLC,bluetooth keyboard for raspberry pi,bluetooth keyboard for raspberry pi,4/29,5f3e189bd95d06627dc8e937,tools,5f381f30f815d062fb9da8f1,USD,5f3e16a8d95d06627dc8e927,biz,-$14.99,$0.00,,"$2,630.43"
133,40,40,5ab055eae67be20014ca5284,Flexispot,Flexispot,bike chair/desk,bike chair/desk,4/30,5f3e189bd95d06627dc8e937,tools,5f381f30f815d062fb9da8f1,USD,5f3e16a8d95d06627dc8e92d,paypal,-$325.10,$0.00,,"$2,305.33"
134,0,0,5ab055eae67be20014ca5284,Best Buy,Best Buy,"tabletop tripod, usb-c cord","tabletop tripod, usb-c cord",5/1,5f3e189bd95d06627dc8e937,tools,5f381f30f815d062fb9da8f1,USD,5f3e16a8d95d06627dc8e92d,paypal,-$31.25,$0.00,,"$2,850.52"
135,1,1,5ab055eae67be20014ca5284,Frys,Frys,food,food,5/1,5f3e189bd95d06627dc8e932,food,5f381f30f815d062fb9da8f1,USD,5f3e16a8d95d06627dc8e92f,personal,-$36.26,$18.13,$18.13,$463.74
136,2,2,5ab055eae67be20014ca5284,Sweetwater,Sweetwater,mic stand,mic stand,5/1,5f3e189bd95d06627dc8e937,tools,5f381f30f815d062fb9da8f1,USD,5f3e16a8d95d06627dc8e92d,paypal,-$42.05,$0.00,,"$2,808.47"
137,3,3,5ab055eae67be20014ca5284,CostCo,CostCo,flowers,flowers,5/3,5f3e189bd95d06627dc8e931,ent,5f381f30f815d062fb9da8f1,USD,5f3e16a8d95d06627dc8e92f,personal,-$10.77,$0.00,,$389.23
138,4,4,5ab055eae67be20014ca5284,Lo-Los,Lo-Los,breakfast,breakfast,5/3,5f3e189bd95d06627dc8e932,food,5f381f30f815d062fb9da8f1,USD,5f3e16a8d95d06627dc8e92f,personal,-$26.00,$13.00,$13.00,$437.74
139,5,5,5ab055eae67be20014ca5284,CostCo,CostCo,"nikon d7500 camera with clean hdmi out, $19.73 refunded by CostCo for express shipping","nikon d7500 camera with clean hdmi out, $19.73 refunded by CostCo for express shipping",5/5,5f3e189bd95d06627dc8e937,tools,5f381f30f815d062fb9da8f1,USD,5f3e16a8d95d06627dc8e92f,personal,"-$1,306.32",$19.73,$19.73,"$1,521.88"
140,6,6,5ab055eae67be20014ca5284,Urban Intellectuals,Urban Intellectuals,"flashcards of persons of color, stem, women","flashcards of persons of color, stem, women",5/3,5f3e189bd95d06627dc8e931,ent,5f381f30f815d062fb9da8f1,USD,5f3e16a8d95d06627dc8e92d,paypal,-$35.48,$0.00,,$353.75
141,7,7,5ab055eae67be20014ca5284,JS Tutor,JS Tutor,patreon,patreon,5/1,5f3e189bd95d06627dc8e931,ent,5f381f30f815d062fb9da8f1,USD,5f3e16a8d95d06627dc8e92d,paypal,-$1.00,$0.00,,$352.75
142,8,8,5ab055eae67be20014ca5284,Malcolm Pitts,Malcolm Pitts,juice,juice,5/3,5f3e189bd95d06627dc8e931,ent,5f381f30f815d062fb9da8f1,USD,5f3e16a8d95d06627dc8e928,cash,-$25.00,$0.00,,$327.75
143,9,9,5ab055eae67be20014ca5284,Amazon Smiles,Amazon Smiles,mhl hdmi connector,mhl hdmi connector,5/6,5f3e189bd95d06627dc8e937,tools,5f381f30f815d062fb9da8f1,USD,5f3e16a8d95d06627dc8e927,biz,-$21.55,$21.55,$21.55,"$1,521.88"
144,10,10,5ab055eae67be20014ca5284,Frys,Frys,"guacamole, bananas","guacamole, bananas",5/6,5f3e189bd95d06627dc8e932,food,5f381f30f815d062fb9da8f1,USD,5f3e16a8d95d06627dc8e92f,personal,-$5.44,$2.72,$2.72,$435.02
145,11,11,5ab055eae67be20014ca5284,San Brisas,San Brisas,rent,rent,5/5,5f3e189bd95d06627dc8e935,rent,5f381f30f815d062fb9da8f1,USD,5f3e16a8d95d06627dc8e92f,personal,-$677.88,$0.00,,$22.12
146,12,12,5ab055eae67be20014ca5284,Culvers,Culvers,late dinner,late dinner,5/6,5f3e189bd95d06627dc8e932,food,5f381f30f815d062fb9da8f1,USD,5f3e16a8d95d06627dc8e928,cash,-$5.93,$0.00,,$429.09
147,13,13,5ab055eae67be20014ca5284,Subway,Subway,lunch for Christina and I,lunch for Christina and I,5/7,5f3e189bd95d06627dc8e932,food,5f381f30f815d062fb9da8f1,USD,5f3e16a8d95d06627dc8e92d,paypal,-$9.07,$4.54,$4.54,$424.56
148,14,14,5ab055eae67be20014ca5284,Christina,Christina,April share of expenses,April share of expenses,5/7,5f3e189bd95d06627dc8e933,maintenance,5f381f30f815d062fb9da8f1,USD,5f3e16a8d95d06627dc8e92f,personal,-$14.67,$0.00,,$85.33
149,15,15,5ab055eae67be20014ca5284,Frys,Frys,groceries,groceries,5/12,5f3e189bd95d06627dc8e932,food,5f381f30f815d062fb9da8f1,USD,5f3e16a8d95d06627dc8e92f,personal,-$5.53,$2.77,$2.77,$421.79
150,16,16,5ab055eae67be20014ca5284,Red Robin/Donatos,Red Robin/Donatos,dinner,dinner,5/12,5f3e189bd95d06627dc8e932,food,5f381f30f815d062fb9da8f1,USD,5f3e16a8d95d06627dc8e92a,credit_card,-$23.05,$11.53,$11.53,$410.27
151,17,17,5ab055eae67be20014ca5284,Sweetwater,Sweetwater,"RETURNED. mic stand, need","RETURNED. mic stand, need",5/13,5f3e189bd95d06627dc8e937,tools,5f381f30f815d062fb9da8f1,USD,5f3e16a8d95d06627dc8e92d,biz via paypal,-$21.51,-$10.66,-$10.66,"$1,489.71"
152,18,18,5ab055eae67be20014ca5284,Intuit Turbo Tax,Intuit Turbo Tax,my state & federal taxes,my state & federal taxes,5/13,5f3e189bd95d06627dc8e933,maintenance,5f381f30f815d062fb9da8f1,USD,5f3e16a8d95d06627dc8e92a,credit_card,-$105.00,$0.00,,-$19.67
153,19,19,5ab055eae67be20014ca5284,Frys,Frys,"pasta, pasta sauce, cheese","pasta, pasta sauce, cheese",5/13,5f3e189bd95d06627dc8e932,food,5f381f30f815d062fb9da8f1,USD,5f3e16a8d95d06627dc8e92f,personal,-5.57,$2.79,$2.79,407.48
154,20,20,5ab055eae67be20014ca5284,Frys,Frys,food,food,5/14,5f3e189bd95d06627dc8e932,food,5f381f30f815d062fb9da8f1,USD,5f3e16a8d95d06627dc8e92f,personal,-$17.67,$8.84,$8.84,398.645
155,21,21,5ab055eae67be20014ca5284,Amazon Smiles,Amazon Smiles,25 ft hdmi cable,25 ft hdmi cable,5/15,5f3e189bd95d06627dc8e937,tools,5f381f30f815d062fb9da8f1,USD,5f3e16a8d95d06627dc8e92a,credit_card,-$17.78,$0.00,,"$1,471.93"
156,22,22,5ab055eae67be20014ca5284,HighTimes,HighTimes,100 shares of stock added to the 50 shares already purchased,100 shares of stock added to the 50 shares already purchased,5/15,5f3e189bd95d06627dc8e936,selfcare,5f381f30f815d062fb9da8f1,USD,5f3e16a8d95d06627dc8e92f,personal,"-$1,100.00",$0.00,,"-$1,000.00"
157,23,23,5ab055eae67be20014ca5284,Tidal,Tidal,music,music,5/14,5f3e189bd95d06627dc8e931,ent,5f381f30f815d062fb9da8f1,USD,5f3e16a8d95d06627dc8e92f,personal,-$9.99,$0.00,,$317.76
158,24,24,5ab055eae67be20014ca5284,Christina,Christina,cox bill,cox bill,5/15,5f3e189bd95d06627dc8e93a,utilities,5f381f30f815d062fb9da8f1,USD,5f3e16a8d95d06627dc8e92f,personal,-$67.50,$0.00,,$32.50
159,25,25,5ab055eae67be20014ca5284,Subway,Subway,lunch for Christina and I,lunch for Christina and I,5/8,5f3e189bd95d06627dc8e932,food,5f381f30f815d062fb9da8f1,USD,5f3e16a8d95d06627dc8e92d,paypal,-$9.29,$4.65,$4.65,$394.00
160,26,26,5ab055eae67be20014ca5284,Frys,Frys,groceries,groceries,5/19,5f3e189bd95d06627dc8e932,food,5f381f30f815d062fb9da8f1,USD,5f3e16a8d95d06627dc8e92f,personal,-$14.66,$7.33,$7.33,$386.67
161,27,27,5ab055eae67be20014ca5284,Frys,Frys,groceries,groceries,5/19,5f3e189bd95d06627dc8e932,food,5f381f30f815d062fb9da8f1,USD,5f3e16a8d95d06627dc8e928,cash,-$7.22,$2.13,$2.13,$381.58
162,28,28,5ab055eae67be20014ca5284,Play It Again Sports,Play It Again Sports,soccer ball size 5,soccer ball size 5,5/19,5f3e189bd95d06627dc8e931,ent,5f381f30f815d062fb9da8f1,USD,5f3e16a8d95d06627dc8e928,cash,-$12.96,$0.00,,$304.80
163,29,29,5ab055eae67be20014ca5284,Frys,Frys,groceries,groceries,5/22,5f3e189bd95d06627dc8e932,food,5f381f30f815d062fb9da8f1,USD,5f3e16a8d95d06627dc8e928,cash,-$10.42,$5.21,$5.21,$376.37
164,30,30,5ab055eae67be20014ca5284,Salad & Go,Salad & Go,lunch,lunch,5/23,5f3e189bd95d06627dc8e932,food,5f381f30f815d062fb9da8f1,USD,5f3e16a8d95d06627dc8e928,cash,-$8.37,$0.00,,$368.00
165,31,31,5ab055eae67be20014ca5284,Amazon Smiles,Amazon Smiles,shea moisture for mamma,shea moisture for mamma,5/23,5f3e189bd95d06627dc8e936,selfcare,5f381f30f815d062fb9da8f1,USD,5f3e16a8d95d06627dc8e927,biz,-$29.52,$0.00,,"-$1,029.52"
166,32,32,5ab055eae67be20014ca5284,Frys,Frys,groceries,groceries,5/26,5f3e189bd95d06627dc8e932,food,5f381f30f815d062fb9da8f1,USD,5f3e16a8d95d06627dc8e92f,personal,-$5.92,$1.96,$1.96,$364.04
167,33,33,5ab055eae67be20014ca5284,Frys,Frys,groceries,groceries,5/26,5f3e189bd95d06627dc8e932,food,5f381f30f815d062fb9da8f1,USD,5f3e16a8d95d06627dc8e92f,personal,-$12.18,$6.09,$6.09,$357.95
168,34,34,5ab055eae67be20014ca5284,Post Office,Post Office,"stamps, mailing books to Prez and VP and California Unemployment Insurance docs","stamps, mailing books to Prez and VP and California Unemployment Insurance docs",5/26,5f3e189bd95d06627dc8e937,tools,5f381f30f815d062fb9da8f1,USD,5f3e16a8d95d06627dc8e92f,personal,-$20.40,$0.00,,"$1,469.31"
169,35,35,5ab055eae67be20014ca5284,Visible,Visible,phone bill,phone bill,5/26,5f3e189bd95d06627dc8e934,phone,5f381f30f815d062fb9da8f1,USD,5f3e16a8d95d06627dc8e927,biz,-$40.00,$0.00,,$0.00
170,36,36,5ab055eae67be20014ca5284,Christina,Christina,srp bill,srp bill,5/26,5f3e189bd95d06627dc8e93a,utilities,5f381f30f815d062fb9da8f1,USD,5f3e16a8d95d06627dc8e92f,personal,-$25.65,$0.00,,$6.85
171,37,37,5ab055eae67be20014ca5284,Sprouts,Sprouts,groceries,groceries,5/27,5f3e189bd95d06627dc8e932,food,5f381f30f815d062fb9da8f1,USD,5f3e16a8d95d06627dc8e92f,personal,-$83.84,$41.92,$41.92,$316.03
172,38,38,5ab055eae67be20014ca5284,CostCo,CostCo,groceries,groceries,5/18,5f3e189bd95d06627dc8e932,food,5f381f30f815d062fb9da8f1,USD,5f3e16a8d95d06627dc8e92f,personal,-$125.66,$62.83,$62.83,$253.20
173,39,39,5ab055eae67be20014ca5284,ArlanWasHere,ArlanWasHere,"teachable class ""How to Raise Capital for Your Company from Scratch""","teachable class ""How to Raise Capital for Your Company from Scratch""",5/28,5f3e189bd95d06627dc8e937,tools,5f381f30f815d062fb9da8f1,USD,5f3e16a8d95d06627dc8e927,biz,-$60.00,$0.00,,"$1,409.31"
174,40,40,5ab055eae67be20014ca5284,Frys,Frys,groceries,groceries,5/29,5f3e189bd95d06627dc8e932,food,5f381f30f815d062fb9da8f1,USD,5f3e16a8d95d06627dc8e92f,personal,-$8.77,$4.39,$4.39,$248.81
175,41,41,5ab055eae67be20014ca5284,Arizona Firearms,Arizona Firearms,"berreta apx compact 9, cleaner, 100 rounds","berreta apx compact 9, cleaner, 100 rounds",5/30,5f3e189bd95d06627dc8e937,tools,5f381f30f815d062fb9da8f1,USD,5f3e16a8d95d06627dc8e928,cash,-$479.15,$0.00,,$930.16
176,42,42,5ab055eae67be20014ca5284,Salad & Go,Salad & Go,drinks,drinks,5/30,5f3e189bd95d06627dc8e932,food,5f381f30f815d062fb9da8f1,USD,5f3e16a8d95d06627dc8e92f,personal,-$2.16,$0.00,,$246.65
177,43,43,5ab055eae67be20014ca5284,Teakwoods,Teakwoods,pretzels,pretzels,5/30,5f3e189bd95d06627dc8e932,food,5f381f30f815d062fb9da8f1,USD,5f3e16a8d95d06627dc8e92f,personal,-$13.00,$0.00,,$233.65
178,44,44,5ab055eae67be20014ca5284,Palmetto State Armory,Palmetto State Armory,ar-15 kit,ar-15 kit,5/30,5f3e189bd95d06627dc8e937,tools,5f381f30f815d062fb9da8f1,USD,5f3e16a8d95d06627dc8e92f,personal,-$808.49,$0.00,,$121.67
179,45,45,5ab055eae67be20014ca5284,eFax,eFax,electronic fax service,electronic fax service,5/26,5f3e189bd95d06627dc8e937,tools,5f381f30f815d062fb9da8f1,USD,5f3e16a8d95d06627dc8e92a,credit_card,-$16.95,$0.00,,$104.72
180,46,46,5ab055eae67be20014ca5284,Google Play,Google Play,movie rental,movie rental,5/22,5f3e189bd95d06627dc8e931,ent,5f381f30f815d062fb9da8f1,USD,5f3e16a8d95d06627dc8e92d,paypal,-$2.99,$0.00,,$301.81
181,0,0,5ab055eae67be20014ca5284,Frys,Frys,gas,gas,6/1,5f3e189bd95d06627dc8e931,ent,5f381f30f815d062fb9da8f1,USD,5f3e16a8d95d06627dc8e92f,personal,-$4.90,$0.00,,$395.10
182,1,1,5ab055eae67be20014ca5284,C2 Tactical,C2 Tactical,gun range,gun range,6/1,5f3e189bd95d06627dc8e931,ent,5f381f30f815d062fb9da8f1,USD,5f3e16a8d95d06627dc8e928,cash,-$20.41,$0.00,,$374.69
183,2,2,5ab055eae67be20014ca5284,Palmetto State Armory,Palmetto State Armory,ar-15 lower,ar-15 lower,6/2,5f3e189bd95d06627dc8e937,tools,5f381f30f815d062fb9da8f1,USD,5f3e16a8d95d06627dc8e927,biz,-$73.85,$0.00,,"$2,720.98"
184,3,3,5ab055eae67be20014ca5284,Heroes In Color,Heroes In Color,1st half of payment for logo design,1st half of payment for logo design,6/1,5f3e189bd95d06627dc8e931,ent,5f381f30f815d062fb9da8f1,USD,5f3e16a8d95d06627dc8e92d,paypal,-$40.00,$0.00,,$360.00
185,4,4,5ab055eae67be20014ca5284,Christina,Christina,settle up on May expenses,settle up on May expenses,6/2,5f3e189bd95d06627dc8e933,maintenance,5f381f30f815d062fb9da8f1,USD,5f3e16a8d95d06627dc8e92f,personal,-$19.57,$0.00,,$80.43
186,5,5,5ab055eae67be20014ca5284,NAAGA,NAAGA,gun club membership,gun club membership,6/3,5f3e189bd95d06627dc8e936,selfcare,5f381f30f815d062fb9da8f1,USD,5f3e16a8d95d06627dc8e927,biz,-$29.00,$0.00,,$71.00
187,6,6,5ab055eae67be20014ca5284,Amazon Smiles,Amazon Smiles,"RETURNED. wig for mamma, 10"" Straight Short Bob Wig Human Hair Brazilian Virgin Human Hair Wigs with Bangs 130% Density None Lace Front Bob Wig for Black Women Natural Color (10 Inch)","RETURNED. wig for mamma, 10"" Straight Short Bob Wig Human Hair Brazilian Virgin Human Hair Wigs with Bangs 130% Density None Lace Front Bob Wig for Black Women Natural Color (10 Inch)",6/3,5f3e189bd95d06627dc8e933,maintenance,5f381f30f815d062fb9da8f1,USD,5f3e16a8d95d06627dc8e92f,personal,-$42.79,$42.79,$42.79,$80.43
188,7,7,5ab055eae67be20014ca5284,Amazon Smiles,Amazon Smiles,"RETURNED. wig for mamma, Quinlux Wigs 13X4 Lace Front Wig 150% Density Air Bangs Natural Color Short Bob Wigs Brazilian 100% Human Hair For Women","RETURNED. wig for mamma, Quinlux Wigs 13X4 Lace Front Wig 150% Density Air Bangs Natural Color Short Bob Wigs Brazilian 100% Human Hair For Women",6/3,5f3e189bd95d06627dc8e933,maintenance,5f381f30f815d062fb9da8f1,USD,5f3e16a8d95d06627dc8e92f,personal,-$85.59,$85.59,$85.59,$80.43
189,8,8,5ab055eae67be20014ca5284,comforttac,comforttac,conceal carry band,conceal carry band,6/3,5f3e189bd95d06627dc8e937,tools,5f381f30f815d062fb9da8f1,USD,5f3e16a8d95d06627dc8e92d,paypal,-$16.98,$0.00,,"$2,704.00"
190,9,9,5ab055eae67be20014ca5284,Frys,Frys,groceries,groceries,6/9,5f3e189bd95d06627dc8e932,food,5f381f30f815d062fb9da8f1,USD,5f3e16a8d95d06627dc8e92f,"personal, cash",-$37.98,$0.00,,$462.02
191,10,10,5ab055eae67be20014ca5284,Heroes In Color,Heroes In Color,2nd half of payment for logo design,2nd half of payment for logo design,6/9,5f3e189bd95d06627dc8e931,ent,5f381f30f815d062fb9da8f1,USD,5f3e16a8d95d06627dc8e92d,paypal,-$40.00,$0.00,,$320.00
192,11,11,5ab055eae67be20014ca5284,Donatos/Red Robin,Donatos/Red Robin,Rosalie birthday party Pizza and shakes,Rosalie birthday party Pizza and shakes,6/9,5f3e189bd95d06627dc8e932,food,5f381f30f815d062fb9da8f1,USD,5f3e16a8d95d06627dc8e92f,personal,-$27.53,$13.77,$13.77,$448.26
193,12,12,5ab055eae67be20014ca5284,Amazon Smiles,Amazon Smiles,ebook: We Will Shoot Back: Armed Resistance in the Mississippi Freedom Movement[Kindle Edition],ebook: We Will Shoot Back: Armed Resistance in the Mississippi Freedom Movement[Kindle Edition],6/9,5f3e189bd95d06627dc8e936,selfcare,5f381f30f815d062fb9da8f1,USD,5f3e16a8d95d06627dc8e92f,personal,-$1.67,$0.00,,$69.33
194,13,13,5ab055eae67be20014ca5284,itch.io game sight,itch.io game sight,Bundle for Racial Justice and Equality,Bundle for Racial Justice and Equality,6/10,5f3e189bd95d06627dc8e931,ent,5f381f30f815d062fb9da8f1,USD,5f3e16a8d95d06627dc8e927,biz,-$10.00,$0.00,,$310.00
195,14,14,5ab055eae67be20014ca5284,Flavors of Lousiana,Flavors of Lousiana,dinner,dinner,6/10,5f3e189bd95d06627dc8e932,food,5f381f30f815d062fb9da8f1,USD,5f3e16a8d95d06627dc8e92f,personal,-$34.00,$0.00,,$414.26
196,15,15,5ab055eae67be20014ca5284,System76,System76,RETURNED. laptop for streaming and gaming,RETURNED. laptop for streaming and gaming,6/10,5f3e189bd95d06627dc8e937,tools,5f381f30f815d062fb9da8f1,USD,5f3e16a8d95d06627dc8e927,biz,"-$2,084.64","$2,055.00","$2,055.00","$2,674.36"
197,16,16,5ab055eae67be20014ca5284,Brownells,Brownells,2 clips for AR: AR-15 PMAG Gen M2 MOE Window Mag 223/5.56 30rd Blk 1pk,2 clips for AR: AR-15 PMAG Gen M2 MOE Window Mag 223/5.56 30rd Blk 1pk,6/11,5f3e189bd95d06627dc8e937,tools,5f381f30f815d062fb9da8f1,USD,5f3e16a8d95d06627dc8e92f,personal,-$38.93,$0.00,,"$2,635.43"
198,17,17,5ab055eae67be20014ca5284,Flavors of Lousiana,Flavors of Lousiana,dinner,dinner,6/12,5f3e189bd95d06627dc8e932,food,5f381f30f815d062fb9da8f1,USD,5f3e16a8d95d06627dc8e92f,personal,-$50.00,$25.00,$25.00,$389.26
199,18,18,5ab055eae67be20014ca5284,Eddy,Eddy,moving reimbursement,moving reimbursement,6/12,5f3e189bd95d06627dc8e939,travel,5f381f30f815d062fb9da8f1,USD,5f3e16a8d95d06627dc8e929,cashapp/biz,$0.00,$100.00,$100.00,$600.00
200,19,19,5ab055eae67be20014ca5284,Amazon Smiles,Amazon Smiles,RETURNED. kindle unlimited,RETURNED. kindle unlimited,"$43,990.00",5f3e189bd95d06627dc8e937,tools,5f381f30f815d062fb9da8f1,USD,5f3e16a8d95d06627dc8e92a,credit_card,-$9.99,$9.99,$9.99,"$2,635.43"
201,20,20,5ab055eae67be20014ca5284,Adorama,Adorama,RETURNED. green screen and stand,RETURNED. green screen and stand,6/12,5f3e189bd95d06627dc8e937,tools,5f381f30f815d062fb9da8f1,USD,5f3e16a8d95d06627dc8e92d,paypal,-$193.94,$193.94,$193.94,"$2,635.43"
202,21,21,5ab055eae67be20014ca5284,Frys,Frys,groceries,groceries,6/15,5f3e189bd95d06627dc8e932,food,5f381f30f815d062fb9da8f1,USD,5f3e16a8d95d06627dc8e92f,personal,-$3.08,$1.54,$1.54,$387.72
203,22,22,5ab055eae67be20014ca5284,iOS Store,iOS Store,CreditStacker App,CreditStacker App,6/14,5f3e189bd95d06627dc8e937,tools,5f381f30f815d062fb9da8f1,USD,5f3e16a8d95d06627dc8e92d,paypal,-$10.69,$0.00,,"$2,624.74"
204,23,23,5ab055eae67be20014ca5284,derrickgracetwo,derrickgracetwo,"Games: ""In Home Banking"" Board Game","Games: ""In Home Banking"" Board Game",6/18,5f3e189bd95d06627dc8e937,tools,5f381f30f815d062fb9da8f1,USD,5f3e16a8d95d06627dc8e927,biz,-$164.98,$0.00,,"$2,459.76"
205,24,24,5ab055eae67be20014ca5284,CostCo,CostCo,gas,gas,6/18,5f3e189bd95d06627dc8e933,maintenance,5f381f30f815d062fb9da8f1,USD,5f3e16a8d95d06627dc8e92f,personal,-$14.70,$0.00,,$65.73
206,25,25,5ab055eae67be20014ca5284,Salad & Go,Salad & Go,drink,drink,6/19,5f3e189bd95d06627dc8e932,food,5f381f30f815d062fb9da8f1,USD,5f3e16a8d95d06627dc8e928,cash,-$1.08,$0.00,,$386.64
207,26,26,5ab055eae67be20014ca5284,Frys,Frys,groceries,groceries,6/19,5f3e189bd95d06627dc8e932,food,5f381f30f815d062fb9da8f1,USD,5f3e16a8d95d06627dc8e92f,personal,-$19.49,$0.00,,$367.15
208,27,27,5ab055eae67be20014ca5284,USPS,USPS,mailing Thomas' papers to NC,mailing Thomas' papers to NC,6/19,5f3e189bd95d06627dc8e933,maintenance,5f381f30f815d062fb9da8f1,USD,5f3e16a8d95d06627dc8e928,cash,-$11.55,$0.00,,$54.18
209,28,28,5ab055eae67be20014ca5284,Arizona Firearms,Arizona Firearms,"Arizona lower, rope for cleaning, ammo .223 & 5.56","Arizona lower, rope for cleaning, ammo .223 & 5.56",6/19,5f3e189bd95d06627dc8e937,tools,5f381f30f815d062fb9da8f1,USD,5f3e16a8d95d06627dc8e928,cash,-$79.42,$0.00,,"$2,380.34"
210,29,29,5ab055eae67be20014ca5284,Sprouts,Sprouts,lunch,lunch,6/20,5f3e189bd95d06627dc8e932,food,5f381f30f815d062fb9da8f1,USD,5f3e16a8d95d06627dc8e92f,personal,-$18.68,$0.00,,$348.47
211,30,30,5ab055eae67be20014ca5284,Stand For Kentucky: Charles Booker,Stand For Kentucky: Charles Booker,political donation,political donation,6/20,5f3e189bd95d06627dc8e939,travel,5f381f30f815d062fb9da8f1,USD,5f3e16a8d95d06627dc8e92d,paypal,-$100.00,$0.00,,$500.00
212,31,31,5ab055eae67be20014ca5284,First Watch,First Watch,breakfast,breakfast,6/21,5f3e189bd95d06627dc8e932,food,5f381f30f815d062fb9da8f1,USD,5f3e16a8d95d06627dc8e92f,personal,-$29.36,$0.00,,$319.11
213,32,32,5ab055eae67be20014ca5284,Frys,Frys,groceries,groceries,6/21,5f3e189bd95d06627dc8e932,food,5f381f30f815d062fb9da8f1,USD,5f3e16a8d95d06627dc8e92f,personal/cash,-$4.84,$0.00,,$314.27
214,33,33,5ab055eae67be20014ca5284,Albertsons,Albertsons,groceries,groceries,6/21,5f3e189bd95d06627dc8e932,food,5f381f30f815d062fb9da8f1,USD,5f3e16a8d95d06627dc8e92f,personal,-$2.02,$0.00,,$312.25
215,34,34,5ab055eae67be20014ca5284,Frys,Frys,batteries for helmet and scope,batteries for helmet and scope,6/21,5f3e189bd95d06627dc8e937,tools,5f381f30f815d062fb9da8f1,USD,5f3e16a8d95d06627dc8e92f,personal/cash,-$9.99,$0.00,,"$2,370.35"
216,35,35,5ab055eae67be20014ca5284,Shady Rays,Shady Rays,sunglass shipping,sunglass shipping,6/24,5f3e189bd95d06627dc8e937,tools,5f381f30f815d062fb9da8f1,USD,5f3e16a8d95d06627dc8e92d,biz/paypal,-$8.89,$0.00,,"$2,361.46"
217,36,36,5ab055eae67be20014ca5284,CostCo,CostCo,tampons,tampons,6/24,5f3e189bd95d06627dc8e936,selfcare,5f381f30f815d062fb9da8f1,USD,5f3e16a8d95d06627dc8e92f,personal,-$71.16,$71.16,$71.16,$69.33
218,37,37,5ab055eae67be20014ca5284,CostCo,CostCo,groceries,groceries,6/24,5f3e189bd95d06627dc8e932,food,5f381f30f815d062fb9da8f1,USD,5f3e16a8d95d06627dc8e92f,personal,-$71.74,$35.87,$35.87,$276.38
219,38,38,5ab055eae67be20014ca5284,Stellas Stellar Hair,Stellas Stellar Hair,bookshop.org,bookshop.org,6/24,5f3e189bd95d06627dc8e933,maintenance,5f381f30f815d062fb9da8f1,USD,5f3e16a8d95d06627dc8e927,biz,-$20.96,$0.00,,$33.22
220,39,39,5ab055eae67be20014ca5284,Visible,Visible,phone service,phone service,6/25,5f3e189bd95d06627dc8e934,phone,5f381f30f815d062fb9da8f1,USD,5f3e16a8d95d06627dc8e927,biz,-$40.00,$0.00,,$0.00
221,40,40,5ab055eae67be20014ca5284,Christina,Christina,"groceries, meals for the month of June","groceries, meals for the month of June",6/25,5f3e189bd95d06627dc8e932,food,5f381f30f815d062fb9da8f1,USD,5f3e16a8d95d06627dc8e92f,personal,-$127.54,$0.00,,$148.84
222,41,41,5ab055eae67be20014ca5284,Christina,Christina,rent,rent,6/25,5f3e189bd95d06627dc8e935,rent,5f381f30f815d062fb9da8f1,USD,5f3e16a8d95d06627dc8e92f,personal,-$681.26,$0.00,,$18.74
223,42,42,5ab055eae67be20014ca5284,Christina,Christina,utilities,utilities,6/25,5f3e189bd95d06627dc8e93a,utilities,5f381f30f815d062fb9da8f1,USD,5f3e16a8d95d06627dc8e92f,personal,-$131.07,$0.00,,-$31.07
224,43,43,5ab055eae67be20014ca5284,Einstein Bros Bagels,Einstein Bros Bagels,breakfast,breakfast,6/26,5f3e189bd95d06627dc8e932,food,5f381f30f815d062fb9da8f1,USD,5f3e16a8d95d06627dc8e92f,personal,-$22.23,$0.00,,$126.61
225,44,44,5ab055eae67be20014ca5284,Jersey Mikes,Jersey Mikes,late lunch,late lunch,6/26,5f3e189bd95d06627dc8e932,food,5f381f30f815d062fb9da8f1,USD,5f3e16a8d95d06627dc8e92f,personal,-$10.10,$10.10,$10.10,$126.61
226,45,45,5ab055eae67be20014ca5284,Malcolm Pitts,Malcolm Pitts,"re/undo box braids, wash, consult, plus $10 tip","re/undo box braids, wash, consult, plus $10 tip",6/26,5f3e189bd95d06627dc8e936,selfcare,5f381f30f815d062fb9da8f1,USD,5f3e16a8d95d06627dc8e928,cash,-$70.00,$0.00,,-$0.67
227,46,46,5ab055eae67be20014ca5284,Amazon Smiles,Amazon Smiles,Ear Pad Replacement for Bose QuietComfort 35 Ear,Ear Pad Replacement for Bose QuietComfort 35 Ear,6/26,5f3e189bd95d06627dc8e937,tools,5f381f30f815d062fb9da8f1,USD,5f3e16a8d95d06627dc8e927,biz,-$9.49,$0.00,,"$2,351.97"
228,47,47,5ab055eae67be20014ca5284,Dillys Deli,Dillys Deli,Lunch w Birthday sandwich ,Lunch w Birthday sandwich ,6/27,5f3e189bd95d06627dc8e932,food ,5f381f30f815d062fb9da8f1,USD,5f3e16a8d95d06627dc8e92f,personal,-$13.60,$13.60,$13.60,$126.61
229,48,48,5ab055eae67be20014ca5284,Google Play,Google Play,rent Mo' Better Blues,rent Mo' Better Blues,6/27,5f3e189bd95d06627dc8e931,ent,5f381f30f815d062fb9da8f1,USD,5f3e16a8d95d06627dc8e92d,paypal,-$3.99,$0.00,,$306.01
230,49,49,5ab055eae67be20014ca5284,Ike's Love & Sandwiches,Ike's Love & Sandwiches,lunch for us,lunch for us,6/29,5f3e189bd95d06627dc8e932,food,5f381f30f815d062fb9da8f1,USD,5f3e16a8d95d06627dc8e92f,personal,-$24.02,$12.01,$12.01,$114.60
231,50,50,5ab055eae67be20014ca5284,Amazon Smiles,Amazon Smiles,castor oil for mamma,castor oil for mamma,6/30,5f3e189bd95d06627dc8e933,maintenance,5f381f30f815d062fb9da8f1,USD,5f3e16a8d95d06627dc8e92f,personal,-$27.76,$0.00,,$5.46
232,51,51,5ab055eae67be20014ca5284,CostCo,CostCo,gas,gas,6/30,5f3e189bd95d06627dc8e939,travel,5f381f30f815d062fb9da8f1,USD,5f3e16a8d95d06627dc8e92f,personal,-$21.20,$0.00,,$478.80
233,52,52,5ab055eae67be20014ca5284,Salad & Go,Salad & Go,lunch for us,lunch for us,6/30,5f3e189bd95d06627dc8e932,food,5f381f30f815d062fb9da8f1,USD,5f3e16a8d95d06627dc8e92f,personal,-$13.82,$6.91,$6.91,$107.69
234,53,53,5ab055eae67be20014ca5284,Salad & Go,Salad & Go,dinner,dinner,6/30,5f3e189bd95d06627dc8e932,food,5f381f30f815d062fb9da8f1,USD,5f3e16a8d95d06627dc8e92f,personal,-$6.53,$0.00,,$101.16
235,54,54,5ab055eae67be20014ca5284,Flavors of Lousiana,Flavors of Lousiana,lunch,lunch,6/30,5f3e189bd95d06627dc8e932,food,5f381f30f815d062fb9da8f1,USD,5f3e16a8d95d06627dc8e92f,personal,-$5.92,$0.00,,$95.24
236,55,55,5ab055eae67be20014ca5284,Tidal,Tidal,music subscription,music subscription,6/13,5f3e189bd95d06627dc8e931,ent,5f381f30f815d062fb9da8f1,USD,5f3e16a8d95d06627dc8e92f,personal,-$9.99,$0.00,,$300.01
237,56,56,5ab055eae67be20014ca5284,ArlanWasHere,ArlanWasHere,"teachable class ""How to Raise Capital for Your Company from Scratch""","teachable class ""How to Raise Capital for Your Company from Scratch""",6/27,5f3e189bd95d06627dc8e937,tools,5f381f30f815d062fb9da8f1,USD,5f3e16a8d95d06627dc8e927,biz,-$60.00,$0.00,,"$2,291.97"
238,57,57,5ab055eae67be20014ca5284,Frys,Frys,groceries,groceries,6/28,5f3e189bd95d06627dc8e932,food,5f381f30f815d062fb9da8f1,USD,5f3e16a8d95d06627dc8e92f,personal,-$14.22,$7.11,$7.11,$88.13
239,0,0,5ab055eae67be20014ca5284,CostCo,CostCo,groceries,groceries,7/1,5f3e189bd95d06627dc8e932,food,5f381f30f815d062fb9da8f1,USD,5f3e16a8d95d06627dc8e92f,personal,-$236.68,$134.08,$134.08,$397.40
240,1,1,5ab055eae67be20014ca5284,Christina,Christina,June Balance of bills,June Balance of bills,7/3,5f3e189bd95d06627dc8e93a,utilities,5f381f30f815d062fb9da8f1,USD,5f3e16a8d95d06627dc8e92f,personal,-$55.86,$0.00,,$44.14
241,2,2,5ab055eae67be20014ca5284,Salad & Go,Salad & Go,dinner,dinner,7/2,5f3e189bd95d06627dc8e932,food,5f381f30f815d062fb9da8f1,USD,5f3e16a8d95d06627dc8e92f,personal,-$6.20,$0.00,,$391.20
242,3,3,5ab055eae67be20014ca5284,Nintendo,Nintendo,online membership,online membership,7/3,5f3e189bd95d06627dc8e931,ent,5f381f30f815d062fb9da8f1,USD,5f3e16a8d95d06627dc8e92d,paypal,-$21.39,$0.00,,$378.61
243,4,4,5ab055eae67be20014ca5284,Namecheap,Namecheap,7 domain renewals,7 domain renewals,7/3,5f3e189bd95d06627dc8e937,tools,5f381f30f815d062fb9da8f1,USD,5f3e16a8d95d06627dc8e92d,paypal,-$110.02,$0.00,,"$2,181.95"
244,5,5,5ab055eae67be20014ca5284,Frys,Frys,groceries,groceries,7/4,5f3e189bd95d06627dc8e932,food,5f381f30f815d062fb9da8f1,USD,5f3e16a8d95d06627dc8e92f,personal,-$26.23,$13.12,$13.12,$378.09
245,6,6,5ab055eae67be20014ca5284,Frys,Frys,groceries,groceries,7/6,5f3e189bd95d06627dc8e932,food,5f381f30f815d062fb9da8f1,USD,5f3e16a8d95d06627dc8e92f,personal,-$18.75,$9.38,$9.38,$368.71
246,7,7,5ab055eae67be20014ca5284,Wetzels Pretzel,Wetzels Pretzel,snack,snack,7/7,5f3e189bd95d06627dc8e932,food,5f381f30f815d062fb9da8f1,USD,5f3e16a8d95d06627dc8e92f,personal,-$7.92,$0.00,,$360.79
247,8,8,5ab055eae67be20014ca5284,TJ Maxx,TJ Maxx,belt,belt,7/8,5f3e189bd95d06627dc8e933,maintenance,5f381f30f815d062fb9da8f1,USD,5f3e16a8d95d06627dc8e92f,personal,-$18.32,$0.00,,$81.68
248,9,9,5ab055eae67be20014ca5284,SAFE,SAFE,ccw class,ccw class,7/9,5f3e189bd95d06627dc8e936,selfcare,5f381f30f815d062fb9da8f1,USD,5f3e16a8d95d06627dc8e927,biz,-$5.00,$0.00,,$95.00
249,10,10,5ab055eae67be20014ca5284,CostCo,CostCo,pillow,pillow,7/9,5f3e189bd95d06627dc8e937,tools,5f381f30f815d062fb9da8f1,USD,5f3e16a8d95d06627dc8e92f,personal,-$21.56,$10.78,$10.78,"$2,171.17"
250,11,11,5ab055eae67be20014ca5284,CostCo,CostCo,refund pillow from 7/1 line 5,refund pillow from 7/1 line 5,7/9,5f3e189bd95d06627dc8e937,tools,5f381f30f815d062fb9da8f1,USD,5f3e16a8d95d06627dc8e92f,personal,-$16.17,$32.33,$32.33,"$2,187.34"
251,12,12,5ab055eae67be20014ca5284,Buffalo Wild Wings,Buffalo Wild Wings,dinner,dinner,7/9,5f3e189bd95d06627dc8e932,food,5f381f30f815d062fb9da8f1,USD,5f3e16a8d95d06627dc8e928,cash,-$11.00,$0.00,,$349.79
252,13,13,5ab055eae67be20014ca5284,Red Robin,Red Robin,dinner,dinner,7/11,5f3e189bd95d06627dc8e932,food,5f381f30f815d062fb9da8f1,USD,5f3e16a8d95d06627dc8e92f,personal,-$20.00,$10.00,$10.00,$339.79
253,14,14,5ab055eae67be20014ca5284,Flavors of Lousiana,Flavors of Lousiana,dinner,dinner,7/12,5f3e189bd95d06627dc8e932,food,5f381f30f815d062fb9da8f1,USD,5f3e16a8d95d06627dc8e92f,personal,-$15.00,$0.00,,$324.79
254,15,15,5ab055eae67be20014ca5284,Play It Again Sports,Play It Again Sports,soccer ball size 5,soccer ball size 5,7/14,5f3e189bd95d06627dc8e931,ent,5f381f30f815d062fb9da8f1,USD,5f3e16a8d95d06627dc8e92f,personal,-$12.96,$0.00,,$365.65
255,16,16,5ab055eae67be20014ca5284,Frys,Frys,groceries,groceries,7/14,5f3e189bd95d06627dc8e932,food,5f381f30f815d062fb9da8f1,USD,5f3e16a8d95d06627dc8e92f,personal,-$16.77,$8.39,$8.39,$316.41
256,17,17,5ab055eae67be20014ca5284,USPS Dianes,USPS Dianes,ship 50 masks to mamma,ship 50 masks to mamma,7/14,5f3e189bd95d06627dc8e933,maintenance,5f381f30f815d062fb9da8f1,USD,5f3e16a8d95d06627dc8e92f,personal,-$8.40,$0.00,,$73.28
257,18,18,5ab055eae67be20014ca5284,Frys,Frys,groceries,groceries,7/17,5f3e189bd95d06627dc8e932,food,5f381f30f815d062fb9da8f1,USD,5f3e16a8d95d06627dc8e92f,personal,-$13.62,$6.81,$6.81,$309.60
258,19,19,5ab055eae67be20014ca5284,KO8 straps,KO8 straps,exercise equipment for indoors,exercise equipment for indoors,7/16,5f3e189bd95d06627dc8e937,tools,5f381f30f815d062fb9da8f1,USD,5f3e16a8d95d06627dc8e92d,paypal,-$197.10,$0.00,,"$1,990.24"
259,20,20,5ab055eae67be20014ca5284,CostCo,CostCo,groceries,groceries,7/18,5f3e189bd95d06627dc8e932,food,5f381f30f815d062fb9da8f1,USD,5f3e16a8d95d06627dc8e92f,personal,-$94.60,$47.30,$47.30,$262.30
260,21,21,5ab055eae67be20014ca5284,Christina,Christina,rent,rent,7/18,5f3e189bd95d06627dc8e935,rent,5f381f30f815d062fb9da8f1,USD,5f3e16a8d95d06627dc8e92f,personal,-$681.26,$0.00,,$18.74
261,22,22,5ab055eae67be20014ca5284,Christina,Christina,"utilities, cox cable/internet","utilities, cox cable/internet",7/18,5f3e189bd95d06627dc8e93a,utilities,5f381f30f815d062fb9da8f1,USD,5f3e16a8d95d06627dc8e92f,personal,-$80.58,$0.00,,-$36.44
262,23,23,5ab055eae67be20014ca5284,Christina,Christina,"utilitiels, SRP","utilitiels, SRP",7/18,5f3e189bd95d06627dc8e93a,utilities,5f381f30f815d062fb9da8f1,USD,5f3e16a8d95d06627dc8e92f,personal,-$61.59,$0.00,,-$98.03
263,24,24,5ab055eae67be20014ca5284,Frys,Frys,groceries,groceries,7/21,5f3e189bd95d06627dc8e932,food,5f381f30f815d062fb9da8f1,USD,5f3e16a8d95d06627dc8e92f,personal,-$8.12,$4.06,$4.06,$258.24
264,25,25,5ab055eae67be20014ca5284,Joann,Joann,green fabric and hooks for green screen,green fabric and hooks for green screen,7/21,5f3e189bd95d06627dc8e937,tools,5f381f30f815d062fb9da8f1,USD,5f3e16a8d95d06627dc8e927,biz,-$41.22,$0.00,,"$1,949.02"
265,26,26,5ab055eae67be20014ca5284,Joann,Joann,green fabric for green screen,green fabric for green screen,7/21,5f3e189bd95d06627dc8e937,tools,5f381f30f815d062fb9da8f1,USD,5f3e16a8d95d06627dc8e92d,paypal,-$24.23,$0.00,,"$1,924.79"
266,27,27,5ab055eae67be20014ca5284,Halal Guys,Halal Guys,"late lunch, early dinner","late lunch, early dinner",7/21,5f3e189bd95d06627dc8e932,food,5f381f30f815d062fb9da8f1,USD,5f3e16a8d95d06627dc8e92f,personal,-$8.65,$0.00,,$249.59
267,28,28,5ab055eae67be20014ca5284,CostCo,CostCo,gas,gas,7/21,5f3e189bd95d06627dc8e938,transportation,5f381f30f815d062fb9da8f1,USD,5f3e16a8d95d06627dc8e92f,personal,-$17.20,$0.00,,$82.80
268,29,29,5ab055eae67be20014ca5284,Tronus LLC,Tronus LLC,shoes for Christina,shoes for Christina,7/21,5f3e189bd95d06627dc8e933,maintenance,5f381f30f815d062fb9da8f1,USD,5f3e16a8d95d06627dc8e92f,personal,-$135.00,$0.00,,-$61.72
269,30,30,5ab055eae67be20014ca5284,Tidal,Tidal,music subscription,music subscription,7/17,5f3e189bd95d06627dc8e931,ent,5f381f30f815d062fb9da8f1,USD,5f3e16a8d95d06627dc8e92d,paypal,-$9.99,$0.00,,$355.66
270,31,31,5ab055eae67be20014ca5284,System76,System76,RETURNED. laptop for streaming and gaming,RETURNED. laptop for streaming and gaming,7/22,5f3e189bd95d06627dc8e937,tools,5f381f30f815d062fb9da8f1,USD,5f3e16a8d95d06627dc8e927,biz,"-$2,222.53","$2,193.00","$2,193.00","$1,895.26"
271,32,32,5ab055eae67be20014ca5284,casedealer.com,casedealer.com,pelican case for ar-15,pelican case for ar-15,7/23,5f3e189bd95d06627dc8e937,tools,5f381f30f815d062fb9da8f1,USD,5f3e16a8d95d06627dc8e927,biz,-$182.88,$0.00,,"-$2,405.41"
272,33,33,5ab055eae67be20014ca5284,Frys,Frys,groceries,groceries,7/24,5f3e189bd95d06627dc8e932,food,5f381f30f815d062fb9da8f1,USD,5f3e16a8d95d06627dc8e92f,personal,-$9.68,$4.84,$4.84,$244.75
273,34,34,5ab055eae67be20014ca5284,gumroad,gumroad,black illustrations graphics,black illustrations graphics,7/23,5f3e189bd95d06627dc8e937,tools,5f381f30f815d062fb9da8f1,USD,5f3e16a8d95d06627dc8e92d,paypal,-$10.00,$0.00,,"-$2,415.41"
274,35,35,5ab055eae67be20014ca5284,Viible,Viible,phone bill,phone bill,7/26,5f3e189bd95d06627dc8e934,phone,5f381f30f815d062fb9da8f1,USD,5f3e16a8d95d06627dc8e927,biz,-$40.00,$0.00,,$0.00
275,36,36,5ab055eae67be20014ca5284,CostCo,CostCo,air fryer for Jean and pops,air fryer for Jean and pops,7/27,5f3e189bd95d06627dc8e933,maintenance,5f381f30f815d062fb9da8f1,USD,5f3e16a8d95d06627dc8e92f,personal,-$64.19,$0.00,,-$125.91
276,37,37,5ab055eae67be20014ca5284,Frys,Frys,RETURNED. groceries and shoes,RETURNED. groceries and shoes,7/28,5f3e189bd95d06627dc8e932,food,5f381f30f815d062fb9da8f1,USD,5f3e16a8d95d06627dc8e92f,personal,-$20.28,$16.22,$16.22,$240.69
277,38,38,5ab055eae67be20014ca5284,Heroes In Color,Heroes In Color,1st half of payment for widgetry social media design,1st half of payment for widgetry social media design,7/29,5f3e189bd95d06627dc8e931,ent,5f381f30f815d062fb9da8f1,USD,5f3e16a8d95d06627dc8e92d,paypal,-$40.00,$0.00,,$315.66
278,39,39,5ab055eae67be20014ca5284,Frys,Frys,groceries,groceries,7/30,5f3e189bd95d06627dc8e932,food,5f381f30f815d062fb9da8f1,USD,5f3e16a8d95d06627dc8e92f,personal,-$17.11,$8.56,$8.56,$232.13
279,40,40,5ab055eae67be20014ca5284,Einstein Bros Bagels,Einstein Bros Bagels,breakfast,breakfast,7/30,5f3e189bd95d06627dc8e932,food,5f381f30f815d062fb9da8f1,USD,5f3e16a8d95d06627dc8e92f,personal,-$6.48,$0.00,,$225.65
280,41,41,5ab055eae67be20014ca5284,Frys,Frys,groceries,groceries,7/31,5f3e189bd95d06627dc8e932,food,5f381f30f815d062fb9da8f1,USD,5f3e16a8d95d06627dc8e92f,personal,-$17.97,$8.99,$8.99,$216.67
281,0,0,5ab055eae67be20014ca5284,SAFE,SAFE,fingerprinting,fingerprinting,8/1,5f3e189bd95d06627dc8e936,selfcare,5f381f30f815d062fb9da8f1,USD,5f3e16a8d95d06627dc8e928,cash,-$20.00,$0.00,,-$20.00
282,1,1,5ab055eae67be20014ca5284,SAFE,SAFE,MyFirstSight membership,MyFirstSight membership,8/1,5f3e189bd95d06627dc8e936,selfcare,5f381f30f815d062fb9da8f1,USD,5f3e16a8d95d06627dc8e928,cash,-$50.00,$0.00,,-$70.00
283,2,2,5ab055eae67be20014ca5284,USCCA,USCCA,gold membership for legal weapons issues,gold membership for legal weapons issues,8/1,5f3e189bd95d06627dc8e936,selfcare,5f381f30f815d062fb9da8f1,USD,5f3e16a8d95d06627dc8e92f,personal_account,-$248.89,$0.00,,-$318.89
284,3,3,5ab055eae67be20014ca5284,Teakwoods,Teakwoods,pretzel,pretzel,8/1,5f3e189bd95d06627dc8e932,food,5f381f30f815d062fb9da8f1,USD,5f3e16a8d95d06627dc8e92f,personal,-$10.23,$0.00,,-$10.23
285,4,4,5ab055eae67be20014ca5284,Dunkin Donuts,Dunkin Donuts,coffee for Christina,coffee for Christina,8/1,5f3e189bd95d06627dc8e933,maintenance,5f381f30f815d062fb9da8f1,USD,5f3e16a8d95d06627dc8e92f,personal,-$2.17,$0.00,,-$2.17
286,5,5,5ab055eae67be20014ca5284,USPS,USPS,"book of stamps & envelope, postage to mail CCW application","book of stamps & envelope, postage to mail CCW application",8/3,5f3e189bd95d06627dc8e936,selfcare,5f381f30f815d062fb9da8f1,USD,5f3e16a8d95d06627dc8e927,biz,-$12.55,$0.00,,-$331.44
287,6,6,5ab055eae67be20014ca5284,Frys,Frys,$60 money order for CCW application,$60 money order for CCW application,8/3,5f3e189bd95d06627dc8e936,selfcare,5f381f30f815d062fb9da8f1,USD,5f3e16a8d95d06627dc8e927,biz,-$60.84,$0.00,,-$392.28
288,7,7,5ab055eae67be20014ca5284,Frys,Frys,groceries,groceries,8/3,5f3e189bd95d06627dc8e932,food,5f381f30f815d062fb9da8f1,USD,5f3e16a8d95d06627dc8e92f,personal,-$8.12,$4.06,$4.06,-$14.29
289,8,8,5ab055eae67be20014ca5284,CostCo,CostCo,groceries,groceries,8/3,5f3e189bd95d06627dc8e932,food,5f381f30f815d062fb9da8f1,USD,5f3e16a8d95d06627dc8e92f,personal,-$12.17,$6.09,$6.09,-$20.38
290,9,9,5ab055eae67be20014ca5284,Target,Target,sandals,sandals,8/3,5f3e189bd95d06627dc8e937,tools,5f381f30f815d062fb9da8f1,USD,5f3e16a8d95d06627dc8e92f,personal,-$16.16,$0.00,,-$16.16
291,10,10,5ab055eae67be20014ca5284,Namecheap,Namecheap,domain renewals,domain renewals,8/4,5f3e189bd95d06627dc8e937,tools,5f381f30f815d062fb9da8f1,USD,5f3e16a8d95d06627dc8e92d,paypal,-$101.84,$0.00,,-$118.00
292,11,11,5ab055eae67be20014ca5284,CostCo,CostCo,gaming laptop for video editting,gaming laptop for video editting,8/5,5f3e189bd95d06627dc8e937,tools,5f381f30f815d062fb9da8f1,USD,5f3e16a8d95d06627dc8e92b,mamma_cc,"-$1,551.94",$0.00,,"-$1,669.94"
293,12,12,5ab055eae67be20014ca5284,Amazon Smiles,Amazon Smiles,2 video games: Mario Cart & FIFA 20 for switch,2 video games: Mario Cart & FIFA 20 for switch,8/6,5f3e189bd95d06627dc8e931,ent,5f381f30f815d062fb9da8f1,USD,5f3e16a8d95d06627dc8e927,biz,-$32.73,$0.00,,-$32.73
294,13,13,5ab055eae67be20014ca5284,Hyperice,Hyperice,RETURNED. massage tools,RETURNED. massage tools,8/6,5f3e189bd95d06627dc8e937,tools,5f381f30f815d062fb9da8f1,USD,5f3e16a8d95d06627dc8e927,biz,-$484.02,$484.02,$484.02,"-$2,153.96"
295,14,14,5ab055eae67be20014ca5284,SAFE,SAFE,"kubaton, pepper spray","kubaton, pepper spray",8/7,5f3e189bd95d06627dc8e937,tools,5f381f30f815d062fb9da8f1,USD,5f3e16a8d95d06627dc8e928,cash,-$40.00,$0.00,,"-$2,193.96"
296,15,15,5ab055eae67be20014ca5284,eBay,eBay,massage tools,massage tools,8/7,5f3e189bd95d06627dc8e937,tools,5f381f30f815d062fb9da8f1,USD,5f3e16a8d95d06627dc8e92d,paypal,-$118.97,$0.00,,"-$2,312.93"
297,16,16,5ab055eae67be20014ca5284,Hot Pot Caribbean Cuisine,Hot Pot Caribbean Cuisine,dinner for Christina and I,dinner for Christina and I,8/7,5f3e189bd95d06627dc8e932,food,5f381f30f815d062fb9da8f1,USD,5f3e16a8d95d06627dc8e92f,personal,-$28.34,$0.00,,-$48.72
298,17,17,5ab055eae67be20014ca5284,Frys,Frys,groceries,groceries,8/8,5f3e189bd95d06627dc8e932,food,5f381f30f815d062fb9da8f1,USD,5f3e16a8d95d06627dc8e92f,personal,-$19.77,$9.89,$9.89,-$58.60
299,18,18,5ab055eae67be20014ca5284,Christina,Christina,other expenses,other expenses,8/8,5f3e189bd95d06627dc8e933,maintenance,5f381f30f815d062fb9da8f1,USD,5f3e16a8d95d06627dc8e92f,personal,-$43.20,$0.00,,-$45.37
300,19,19,5ab055eae67be20014ca5284,Christina,Christina,cox,cox,8/8,5f3e189bd95d06627dc8e93a,utilities,5f381f30f815d062fb9da8f1,USD,5f3e16a8d95d06627dc8e92f,personal,-$80.61,$0.00,,-$80.61
301,20,20,5ab055eae67be20014ca5284,Christina,Christina,srp,srp,8/8,5f3e189bd95d06627dc8e93a,utilities,5f381f30f815d062fb9da8f1,USD,5f3e16a8d95d06627dc8e92f,personal,-$81.37,$0.00,,-$161.98
302,21,21,5ab055eae67be20014ca5284,Christina,Christina,rent,rent,8/8,5f3e189bd95d06627dc8e935,rent,5f381f30f815d062fb9da8f1,USD,5f3e16a8d95d06627dc8e92f,personal,-$681.45,$0.00,,-$681.45
303,22,22,5ab055eae67be20014ca5284,Frys,Frys,groceries ,groceries ,8/12,5f3e189bd95d06627dc8e932,food ,5f381f30f815d062fb9da8f1,USD,5f3e16a8d95d06627dc8e92f,personal,-$13.83,$6.92,$6.92,-$65.52
304,23,23,5ab055eae67be20014ca5284,Frys,Frys,groceries,groceries,8/12,5f3e189bd95d06627dc8e932,food,5f381f30f815d062fb9da8f1,USD,5f3e16a8d95d06627dc8e92f,personal,-$15.98,$0.00,,-$81.50
305,24,24,5ab055eae67be20014ca5284,CostCo,CostCo,gas,gas,8/14,5f3e189bd95d06627dc8e938,transportation,5f381f30f815d062fb9da8f1,USD,5f3e16a8d95d06627dc8e92f,personal,-$17.70,$0.00,,-$17.70
306,25,25,5ab055eae67be20014ca5284,Mad Greens,Mad Greens,lunch,lunch,8/14,5f3e189bd95d06627dc8e932,food,5f381f30f815d062fb9da8f1,USD,5f3e16a8d95d06627dc8e928,cash,-$10.86,$0.00,,-$92.36
307,26,26,5ab055eae67be20014ca5284,Christina,Christina,Meds,Meds,8/14,5f3e189bd95d06627dc8e931,ent,5f381f30f815d062fb9da8f1,USD,5f3e16a8d95d06627dc8e928,cash ,-$40.00,$0.00,,-$72.73
308,27,27,5ab055eae67be20014ca5284,Tidal,Tidal,tidal subscription,tidal subscription,8/15,5f3e189bd95d06627dc8e931,ent,5f381f30f815d062fb9da8f1,USD,5f3e16a8d95d06627dc8e92d,paypal,-$9.99,$0.00,,-$82.72
309,28,28,5ab055eae67be20014ca5284,Malcolm Pitts,Malcolm Pitts,"box braids by Janice, $10 tip","box braids by Janice, $10 tip",8/14,5f3e189bd95d06627dc8e936,selfcare,5f381f30f815d062fb9da8f1,USD,5f3e16a8d95d06627dc8e928,cash,-$70.00,$0.00,,-$462.28
310,29,29,5ab055eae67be20014ca5284,Cheba Hut,Cheba Hut,lunch w/ Christina,lunch w/ Christina,8/16,5f3e189bd95d06627dc8e932,food,5f381f30f815d062fb9da8f1,USD,5f3e16a8d95d06627dc8e92f,personal,-$20.61,$10.31,$10.31,-$102.66
311,30,30,5ab055eae67be20014ca5284,Jersey Mikes,Jersey Mikes,lunch w/ Christina,lunch w/ Christina,8/18,5f3e189bd95d06627dc8e932,food,5f381f30f815d062fb9da8f1,USD,5f3e16a8d95d06627dc8e92f,personal,-$27.88,$10.88,$10.88,-$119.66
312,31,31,5ab055eae67be20014ca5284,Frys,Frys,groceries,groceries,8/19,5f3e189bd95d06627dc8e932,food,5f381f30f815d062fb9da8f1,USD,5f3e16a8d95d06627dc8e92f,personal,-$15.81,$7.91,$7.91,-$127.57
313,32,32,5ab055eae67be20014ca5284,Frys,Frys,groceries,groceries,8/20,5f3e189bd95d06627dc8e932,food,5f381f30f815d062fb9da8f1,USD,5f3e16a8d95d06627dc8e92f,personal,-3.52,$1.76,1.76,-$129.33